Workbook

Sheet Heroics
A1: Id | B1: NameId | C1: * | D1: Param | E1: MinLv | F1: MaxLv
A2: 1010 | B2: 1010 | C2: =INDEX(TextData!B:B,MATCH(A2,TextData!A:A)) -> 勇敢 | D2: 9 | E2: 1 | F2: 8
A3: 1020 | B3: 1020 | C3: =INDEX(TextData!B:B,MATCH(A3,TextData!A:A)) -> ド根性 | D3: 8 | E3: 1 | F3: 8
A4: 1030 | B4: 1030 | C4: =INDEX(TextData!B:B,MATCH(A4,TextData!A:A)) -> 千里眼 | D4: 8 | E4: 1 | F4: 8
A5: 1040 | B5: 1040 | C5: =INDEX(TextData!B:B,MATCH(A5,TextData!A:A)) -> 自己犠牲 | D5: 7 | E5: 1 | F5: 8
A6: 1050 | B6: 1050 | C6: =INDEX(TextData!B:B,MATCH(A6,TextData!A:A)) -> 真面目 | D6: 7 | E6: 1 | F6: 8
A7: 1060 | B7: 1060 | C7: =INDEX(TextData!B:B,MATCH(A7,TextData!A:A)) -> 力自慢 | D7: 7 | E7: 1 | F7: 8
A8: 1070 | B8: 1070 | C8: =INDEX(TextData!B:B,MATCH(A8,TextData!A:A)) -> 母性 | D8: 7 | E8: 1 | F8: 8
A9: 1080 | B9: 1080 | C9: =INDEX(TextData!B:B,MATCH(A9,TextData!A:A)) -> 気丈 | D9: 6 | E9: 1 | F9: 8
A10: 1090 | B10: 1090 | C10: =INDEX(TextData!B:B,MATCH(A10,TextData!A:A)) -> 献身的 | D10: 6 | E10: 1 | F10: 8
A11: 1100 | B11: 1100 | C11: =INDEX(TextData!B:B,MATCH(A11,TextData!A:A)) -> 協調的 | D11: 6 | E11: 1 | F11: 8
A12: 1110 | B12: 1110 | C12: =INDEX(TextData!B:B,MATCH(A12,TextData!A:A)) -> 注意深い | D12: 6 | E12: 1 | F12: 8
A13: 1120 | B13: 1120 | C13: =INDEX(TextData!B:B,MATCH(A13,TextData!A:A)) -> 饒舌 | D13: 6 | E13: 1 | F13: 8
... A80: 2390 | B80: 2390 | C80: =INDEX(TextData!B:B,MATCH(A80,TextData!A:A)) -> 花粉症 | D80: -4 | E80: 1 | F80: 8

Sheet TextData
A1: Id | B1: Text | C1: Help
A2: 1010 | B2: 勇敢
A3: 1020 | B3: ド根性
A4: 1030 | B4: 千里眼
A5: 1040 | B5: 自己犠牲
A6: 1050 | B6: 真面目
A7: 1060 | B7: 力自慢
A8: 1070 | B8: 母性
A9: 1080 | B9: 気丈
A10: 1090 | B10: 献身的
A11: 1100 | B11: 協調的
A12: 1110 | B12: 注意深い
A13: 1120 | B13: 饒舌
... A80: 2390 | B80: 花粉症
