Workbook

Sheet Skills
A1: Id | B1: NameId | C1: Name | D1: IconIndex | E1: _ | F1: AnimationId | G1: _ | H1: AnimationType | I1: _ | J1: MpCost | K1: CountTurn | L1: Rank | M1: Attribute | N1: _ | O1: SkillType | P1: _ | Q1: TargetType | R1: _ | S1: ScopeType | T1: _ | U1: Range | V1: RepeatTime | W1: AliveOnly | X1: TimingOnlyCount
A2: 0 | B2: 0 | C2: =INDEX(TextData!B:B,MATCH(B2,TextData!A:A)) -> - | D2: 0 | E2: =INDEX(Define!X:X,MATCH(D2,Define!W:W)) -> なし | F2: 0 | H2: 0 | I2: =INDEX(Define!B:B,MATCH(H2,Define!A:A)) -> なし | J2: 0 | K2: 0 | L2: 0 | M2: 0 | N2: =INDEX(Define!E:E,MATCH(M2,Define!D:D)) -> なし | O2: 0 | P2: =INDEX(Define!H:H,MATCH(O2,Define!G:G)) -> なし | Q2: 0 | R2: =INDEX(Define!K:K,MATCH(Q2,Define!J:J)) -> なし | S2: 0 | T2: =INDEX(Define!N:N,MATCH(S2,Define!M:M)) -> なし | U2: 1 | V2: 1 | W2: 1 | X2: 0
A3: 1 | B3: 1 | C3: =INDEX(TextData!B:B,MATCH(B3,TextData!A:A)) -> はずす | D3: 0 | E3: =INDEX(Define!X:X,MATCH(D3,Define!W:W)) -> なし | F3: 0 | H3: 0 | I3: =INDEX(Define!B:B,MATCH(H3,Define!A:A)) -> なし | J3: 0 | K3: 0 | L3: 0 | M3: 0 | N3: =INDEX(Define!E:E,MATCH(M3,Define!D:D)) -> なし | O3: 0 | P3: =INDEX(Define!H:H,MATCH(O3,Define!G:G)) -> なし | Q3: 0 | R3: =INDEX(Define!K:K,MATCH(Q3,Define!J:J)) -> なし | S3: 0 | T3: =INDEX(Define!N:N,MATCH(S3,Define!M:M)) -> なし | U3: 1 | V3: 1 | W3: 1 | X3: 0
A4: 2 | B4: 1 | C4: =INDEX(TextData!B:B,MATCH(B4,TextData!A:A)) -> はずす | D4: 1 | E4: =INDEX(Define!X:X,MATCH(D4,Define!W:W)) -> 元素 | F4: 0 | H4: 1 | I4: =INDEX(Define!B:B,MATCH(H4,Define!A:A)) -> 単体 | J4: 0 | K4: 0 | L4: 0 | M4: 0 | N4: =INDEX(Define!E:E,MATCH(M4,Define!D:D)) -> なし | O4: 1 | P4: =INDEX(Define!H:H,MATCH(O4,Define!G:G)) -> 魔法 | Q4: 1 | R4: =INDEX(Define!K:K,MATCH(Q4,Define!J:J)) -> 相手 | S4: 1 | T4: =INDEX(Define!N:N,MATCH(S4,Define!M:M)) -> 単体 | U4: 2 | V4: 1 | W4: 1 | X4: 0
A5: 11 | B5: 11 | C5: =INDEX(TextData!B:B,MATCH(B5,TextData!A:A)) -> 覚醒 | D5: 5 | E5: =INDEX(Define!X:X,MATCH(D5,Define!W:W)) -> 超次元 | F5: 11 | G5: =INDEX([1]Animations!B:B,MATCH(F5,[1]Animations!A:A)) -> tktk01/Magic2 | H5: 1 | I5: =INDEX(Define!B:B,MATCH(H5,Define!A:A)) -> 単体 | J5: 0 | K5: 0 | L5: 0 | M5: 0 | N5: =INDEX(Define!E:E,MATCH(M5,Define!D:D)) -> なし | O5: 3 | P5: =INDEX(Define!H:H,MATCH(O5,Define!G:G)) -> 神化 | Q5: 4 | R5: =INDEX(Define!K:K,MATCH(Q5,Define!J:J)) -> 自身 | S5: 4 | T5: =INDEX(Define!N:N,MATCH(S5,Define!M:M)) -> 自身 | U5: 1 | V5: 1 | W5: 1 | X5: 0
A6: 21 | B6: 21 | C6: =INDEX(TextData!B:B,MATCH(B6,TextData!A:A)) -> 覚醒解除 | D6: 5 | E6: =INDEX(Define!X:X,MATCH(D6,Define!W:W)) -> 超次元 | F6: 0 | H6: 1 | I6: =INDEX(Define!B:B,MATCH(H6,Define!A:A)) -> 単体 | J6: 0 | K6: 0 | L6: 0 | M6: 0 | N6: =INDEX(Define!E:E,MATCH(M6,Define!D:D)) -> なし | O6: 1 | P6: =INDEX(Define!H:H,MATCH(O6,Define!G:G)) -> 魔法 | Q6: 4 | R6: =INDEX(Define!K:K,MATCH(Q6,Define!J:J)) -> 自身 | S6: 4 | T6: =INDEX(Define!N:N,MATCH(S6,Define!M:M)) -> 自身 | U6: 1 | V6: 1 | W6: 1 | X6: 0
A7: 31 | B7: 31 | C7: =INDEX(TextData!B:B,MATCH(B7,TextData!A:A)) -> 拘束制御 | D7: 3 | E7: =INDEX(Define!X:X,MATCH(D7,Define!W:W)) -> 理術 | F7: 0 | H7: 1 | I7: =INDEX(Define!B:B,MATCH(H7,Define!A:A)) -> 単体 | J7: 0 | K7: 0 | L7: 0 | M7: 2 | N7: =INDEX(Define!E:E,MATCH(M7,Define!D:D)) -> 雷 | O7: 0 | P7: =INDEX(Define!H:H,MATCH(O7,Define!G:G)) -> なし | Q7: 1 | R7: =INDEX(Define!K:K,MATCH(Q7,Define!J:J)) -> 相手 | S7: 1 | T7: =INDEX(Define!N:N,MATCH(S7,Define!M:M)) -> 単体 | U7: 2 | V7: 1 | W7: 1 | X7: 0
A8: 32 | B8: 32 | C8: =INDEX(TextData!B:B,MATCH(B8,TextData!A:A)) -> 拘束ダメージ解除 | D8: 3 | E8: =INDEX(Define!X:X,MATCH(D8,Define!W:W)) -> 理術 | F8: 0 | H8: 1 | I8: =INDEX(Define!B:B,MATCH(H8,Define!A:A)) -> 単体 | J8: 0 | K8: 0 | L8: 0 | M8: 2 | N8: =INDEX(Define!E:E,MATCH(M8,Define!D:D)) -> 雷 | O8: 0 | P8: =INDEX(Define!H:H,MATCH(O8,Define!G:G)) -> なし | Q8: 4 | R8: =INDEX(Define!K:K,MATCH(Q8,Define!J:J)) -> 自身 | S8: 4 | T8: =INDEX(Define!N:N,MATCH(S8,Define!M:M)) -> 自身 | U8: 1 | V8: 1 | W8: 1 | X8: 0
A9: 33 | B9: 33 | C9: =INDEX(TextData!B:B,MATCH(B9,TextData!A:A)) -> 居合 | D9: 3 | E9: =INDEX(Define!X:X,MATCH(D9,Define!W:W)) -> 理術 | F9: 0 | H9: 1 | I9: =INDEX(Define!B:B,MATCH(H9,Define!A:A)) -> 単体 | J9: 0 | K9: 0 | L9: 0 | M9: 2 | N9: =INDEX(Define!E:E,MATCH(M9,Define!D:D)) -> 雷 | O9: 0 | P9: =INDEX(Define!H:H,MATCH(O9,Define!G:G)) -> なし | Q9: 1 | R9: =INDEX(Define!K:K,MATCH(Q9,Define!J:J)) -> 相手 | S9: 1 | T9: =INDEX(Define!N:N,MATCH(S9,Define!M:M)) -> 単体 | U9: 2 | V9: 1 | W9: 1 | X9: 0
A10: 1010 | B10: 1010 | C10: =INDEX(TextData!B:B,MATCH(B10,TextData!A:A)) -> ファイアボール | D10: 1 | E10: =INDEX(Define!X:X,MATCH(D10,Define!W:W)) -> 元素 | F10: 2101 | G10: =INDEX([1]Animations!B:B,MATCH(F10,[1]Animations!A:A)) -> tktk01/Fire2 | H10: 1 | I10: =INDEX(Define!B:B,MATCH(H10,Define!A:A)) -> 単体 | J10: 0 | K10: 0 | L10: 10 | M10: 1 | N10: =INDEX(Define!E:E,MATCH(M10,Define!D:D)) -> 炎 | O10: 1 | P10: =INDEX(Define!H:H,MATCH(O10,Define!G:G)) -> 魔法 | Q10: 1 | R10: =INDEX(Define!K:K,MATCH(Q10,Define!J:J)) -> 相手 | S10: 1 | T10: =INDEX(Define!N:N,MATCH(S10,Define!M:M)) -> 単体 | U10: 1 | V10: 1 | W10: 1 | X10: 0
A11: 1020 | B11: 1020 | C11: =INDEX(TextData!B:B,MATCH(B11,TextData!A:A)) -> フレイムクラッシュ | D11: 1 | E11: =INDEX(Define!X:X,MATCH(D11,Define!W:W)) -> 元素 | F11: 101 | G11: =INDEX([1]Animations!B:B,MATCH(F11,[1]Animations!A:A)) -> MakerEffect/FireOne1 | H11: 1 | I11: =INDEX(Define!B:B,MATCH(H11,Define!A:A)) -> 単体 | J11: 0 | K11: 2 | L11: 20 | M11: 1 | N11: =INDEX(Define!E:E,MATCH(M11,Define!D:D)) -> 炎 | O11: 1 | P11: =INDEX(Define!H:H,MATCH(O11,Define!G:G)) -> 魔法 | Q11: 1 | R11: =INDEX(Define!K:K,MATCH(Q11,Define!J:J)) -> 相手 | S11: 1 | T11: =INDEX(Define!N:N,MATCH(S11,Define!M:M)) -> 単体 | U11: 1 | V11: 1 | W11: 1 | X11: 0
A12: 1030 | B12: 1030 | C12: =INDEX(TextData!B:B,MATCH(B12,TextData!A:A)) -> ブレイクウォール | D12: 1 | E12: =INDEX(Define!X:X,MATCH(D12,Define!W:W)) -> 元素 | F12: 102 | G12: =INDEX([1]Animations!B:B,MATCH(F12,[1]Animations!A:A)) -> MakerEffect/FireOne2 | H12: 1 | I12: =INDEX(Define!B:B,MATCH(H12,Define!A:A)) -> 単体 | J12: 0 | K12: 2 | L12: 20 | M12: 1 | N12: =INDEX(Define!E:E,MATCH(M12,Define!D:D)) -> 炎 | O12: 1 | P12: =INDEX(Define!H:H,MATCH(O12,Define!G:G)) -> 魔法 | Q12: 1 | R12: =INDEX(Define!K:K,MATCH(Q12,Define!J:J)) -> 相手 | S12: 1 | T12: =INDEX(Define!N:N,MATCH(S12,Define!M:M)) -> 単体 | U12: 1 | V12: 1 | W12: 1 | X12: 0
A13: 1040 | B13: 1040 | C13: =INDEX(TextData!B:B,MATCH(B13,TextData!A:A)) -> フィニッシュスタブ | D13: 1 | E13: =INDEX(Define!X:X,MATCH(D13,Define!W:W)) -> 元素 | F13: 102 | G13: =INDEX([1]Animations!B:B,MATCH(F13,[1]Animations!A:A)) -> MakerEffect/FireOne2 | H13: 1 | I13: =INDEX(Define!B:B,MATCH(H13,Define!A:A)) -> 単体 | J13: 0 | K13: 2 | L13: 20 | M13: 1 | N13: =INDEX(Define!E:E,MATCH(M13,Define!D:D)) -> 炎 | O13: 1 | P13: =INDEX(Define!H:H,MATCH(O13,Define!G:G)) -> 魔法 | Q13: 1 | R13: =INDEX(Define!K:K,MATCH(Q13,Define!J:J)) -> 相手 | S13: 1 | T13: =INDEX(Define!N:N,MATCH(S13,Define!M:M)) -> 単体 | U13: 1 | V13: 1 | W13: 1 | X13: 0
A14: 1050 | B14: 1050 | C14: =INDEX(TextData!B:B,MATCH(B14,TextData!A:A)) -> フレイムレイン | D14: 1 | E14: =INDEX(Define!X:X,MATCH(D14,Define!W:W)) -> 元素 | F14: 2104 | G14: =INDEX([1]Animations!B:B,MATCH(F14,[1]Animations!A:A)) -> NA_Effekseer/NA_magic_006_c1 | H14: 1 | I14: =INDEX(Define!B:B,MATCH(H14,Define!A:A)) -> 単体 | J14: 0 | K14: 2 | L14: 20 | M14: 1 | N14: =INDEX(Define!E:E,MATCH(M14,Define!D:D)) -> 炎 | O14: 1 | P14: =INDEX(Define!H:H,MATCH(O14,Define!G:G)) -> 魔法 | Q14: 1 | R14: =INDEX(Define!K:K,MATCH(Q14,Define!J:J)) -> 相手 | S14: 1 | T14: =INDEX(Define!N:N,MATCH(S14,Define!M:M)) -> 単体 | U14: 1 | V14: 5 | W14: 1 | X14: 0
A15: 1070 | B15: 1070 | C15: =INDEX(TextData!B:B,MATCH(B15,TextData!A:A)) -> バーニングソウル | D15: 2 | E15: =INDEX(Define!X:X,MATCH(D15,Define!W:W)) -> 光 | F15: 101 | G15: =INDEX([1]Animations!B:B,MATCH(F15,[1]Animations!A:A)) -> MakerEffect/FireOne1 | H15: 1 | I15: =INDEX(Define!B:B,MATCH(H15,Define!A:A)) -> 単体 | J15: 0 | K15: 3 | L15: 20 | M15: 1 | N15: =INDEX(Define!E:E,MATCH(M15,Define!D:D)) -> 炎 | O15: 1 | P15: =INDEX(Define!H:H,MATCH(O15,Define!G:G)) -> 魔法 | Q15: 2 | R15: =INDEX(Define!K:K,MATCH(Q15,Define!J:J)) -> 味方 | S15: 1 | T15: =INDEX(Define!N:N,MATCH(S15,Define!M:M)) -> 単体 | U15: 1 | V15: 1 | W15: 1 | X15: 0
A16: 1080 | B16: 1080 | C16: =INDEX(TextData!B:B,MATCH(B16,TextData!A:A)) -> レイジングバウンサー | D16: 1 | E16: =INDEX(Define!X:X,MATCH(D16,Define!W:W)) -> 元素 | F16: 3005 | G16: =INDEX([1]Animations!B:B,MATCH(F16,[1]Animations!A:A)) -> Genfulew_Effect/B&S_MinMax_AttackUp | H16: 1 | I16: =INDEX(Define!B:B,MATCH(H16,Define!A:A)) -> 単体 | J16: 0 | K16: 2 | L16: 20 | M16: 1 | N16: =INDEX(Define!E:E,MATCH(M16,Define!D:D)) -> 炎 | O16: 1 | P16: =INDEX(Define!H:H,MATCH(O16,Define!G:G)) -> 魔法 | Q16: 4 | R16: =INDEX(Define!K:K,MATCH(Q16,Define!J:J)) -> 自身 | S16: 4 | T16: =INDEX(Define!N:N,MATCH(S16,Define!M:M)) -> 自身 | U16: 1 | V16: 1 | W16: 1 | X16: 0
A17: 1110 | B17: 1110 | C17: =INDEX(TextData!B:B,MATCH(B17,TextData!A:A)) -> バーンストーム | D17: 1 | E17: =INDEX(Define!X:X,MATCH(D17,Define!W:W)) -> 元素 | F17: 101 | G17: =INDEX([1]Animations!B:B,MATCH(F17,[1]Animations!A:A)) -> MakerEffect/FireOne1 | H17: 2 | I17: =INDEX(Define!B:B,MATCH(H17,Define!A:A)) -> 列 | J17: 0 | K17: 3 | L17: 30 | M17: 1 | N17: =INDEX(Define!E:E,MATCH(M17,Define!D:D)) -> 炎 | O17: 1 | P17: =INDEX(Define!H:H,MATCH(O17,Define!G:G)) -> 魔法 | Q17: 1 | R17: =INDEX(Define!K:K,MATCH(Q17,Define!J:J)) -> 相手 | S17: 2 | T17: =INDEX(Define!N:N,MATCH(S17,Define!M:M)) -> 列 | U17: 1 | V17: 1 | W17: 1 | X17: 0
A18: 1120 | B18: 1120 | C18: =INDEX(TextData!B:B,MATCH(B18,TextData!A:A)) -> イクスティンクション | D18: 1 | E18: =INDEX(Define!X:X,MATCH(D18,Define!W:W)) -> 元素 | F18: 102 | G18: =INDEX([1]Animations!B:B,MATCH(F18,[1]Animations!A:A)) -> MakerEffect/FireOne2 | H18: 1 | I18: =INDEX(Define!B:B,MATCH(H18,Define!A:A)) -> 単体 | J18: 0 | K18: 3 | L18: 30 | M18: 1 | N18: =INDEX(Define!E:E,MATCH(M18,Define!D:D)) -> 炎 | O18: 1 | P18: =INDEX(Define!H:H,MATCH(O18,Define!G:G)) -> 魔法 | Q18: 1 | R18: =INDEX(Define!K:K,MATCH(Q18,Define!J:J)) -> 相手 | S18: 1 | T18: =INDEX(Define!N:N,MATCH(S18,Define!M:M)) -> 単体 | U18: 1 | V18: 1 | W18: 1 | X18: 0
A19: 1930 | B19: 1930 | C19: =INDEX(TextData!B:B,MATCH(B19,TextData!A:A)) -> ヒートスタンプ | D19: 2 | E19: =INDEX(Define!X:X,MATCH(D19,Define!W:W)) -> 光 | F19: 21 | G19: =INDEX([1]Animations!B:B,MATCH(F19,[1]Animations!A:A)) -> tktk01/Magic2 | H19: 1 | I19: =INDEX(Define!B:B,MATCH(H19,Define!A:A)) -> 単体 | J19: 0 | K19: 2 | L19: 30 | M19: 1 | N19: =INDEX(Define!E:E,MATCH(M19,Define!D:D)) -> 炎 | O19: 1 | P19: =INDEX(Define!H:H,MATCH(O19,Define!G:G)) -> 魔法 | Q19: 2 | R19: =INDEX(Define!K:K,MATCH(Q19,Define!J:J)) -> 味方 | S19: 1 | T19: =INDEX(Define!N:N,MATCH(S19,Define!M:M)) -> 単体 | U19: 1 | V19: 1 | W19: 1 | X19: 0
A20: 1940 | B20: 1940 | C20: =INDEX(TextData!B:B,MATCH(B20,TextData!A:A)) -> ソードアダプト | D20: 4 | E20: =INDEX(Define!X:X,MATCH(D20,Define!W:W)) -> 精神 | F20: 3005 | G20: =INDEX([1]Animations!B:B,MATCH(F20,[1]Animations!A:A)) -> Genfulew_Effect/B&S_MinMax_AttackUp | H20: 1 | I20: =INDEX(Define!B:B,MATCH(H20,Define!A:A)) -> 単体 | J20: 0 | K20: 3 | L20: 20 | M20: 1 | N20: =INDEX(Define!E:E,MATCH(M20,Define!D:D)) -> 炎 | O20: 1 | P20: =INDEX(Define!H:H,MATCH(O20,Define!G:G)) -> 魔法 | Q20: 4 | R20: =INDEX(Define!K:K,MATCH(Q20,Define!J:J)) -> 自身 | S20: 4 | T20: =INDEX(Define!N:N,MATCH(S20,Define!M:M)) -> 自身 | U20: 1 | V20: 1 | W20: 1 | X20: 0
A21: 2010 | B21: 2010 | C21: =INDEX(TextData!B:B,MATCH(B21,TextData!A:A)) -> ディスチャージ | D21: 1 | E21: =INDEX(Define!X:X,MATCH(D21,Define!W:W)) -> 元素 | F21: 201 | G21: =INDEX([1]Animations!B:B,MATCH(F21,[1]Animations!A:A)) -> MakerEffect/ThunderOne1 | H21: 1 | I21: =INDEX(Define!B:B,MATCH(H21,Define!A:A)) -> 単体 | J21: 0 | K21: 0 | L21: 10 | M21: 2 | N21: =INDEX(Define!E:E,MATCH(M21,Define!D:D)) -> 雷 | O21: 1 | P21: =INDEX(Define!H:H,MATCH(O21,Define!G:G)) -> 魔法 | Q21: 1 | R21: =INDEX(Define!K:K,MATCH(Q21,Define!J:J)) -> 相手 | S21: 1 | T21: =INDEX(Define!N:N,MATCH(S21,Define!M:M)) -> 単体 | U21: 1 | V21: 1 | W21: 1 | X21: 0
... A70: 5940 | B70: 5940 | C70: =INDEX(TextData!B:B,MATCH(B70,TextData!A:A)) -> アビサルデスペア | D70: 5 | E70: =INDEX(Define!X:X,MATCH(D70,Define!W:W)) -> 超次元 | F70: 501 | G70: =INDEX([1]Animations!B:B,MATCH(F70,[1]Animations!A:A)) -> MakerEffect/DarknessOne1 | H70: 1 | I70: =INDEX(Define!B:B,MATCH(H70,Define!A:A)) -> 単体 | J70: 0 | K70: 3 | L70: 20 | M70: 5 | N70: =INDEX(Define!E:E,MATCH(M70,Define!D:D)) -> 闇 | O70: 1 | P70: =INDEX(Define!H:H,MATCH(O70,Define!G:G)) -> 魔法 | Q70: 1 | R70: =INDEX(Define!K:K,MATCH(Q70,Define!J:J)) -> 相手 | S70: 1 | T70: =INDEX(Define!N:N,MATCH(S70,Define!M:M)) -> 単体 | U70: 1 | V70: 1 | W70: 1 | X70: 0
A71: 6010 | B71: 6010 | C71: =INDEX(TextData!B:B,MATCH(B71,TextData!A:A)) -> 待機 | D71: 0 | E71: =INDEX(Define!X:X,MATCH(D71,Define!W:W)) -> なし | F71: 0 | H71: 1 | I71: =INDEX(Define!B:B,MATCH(H71,Define!A:A)) -> 単体 | J71: 0 | K71: 0 | L71: 0 | M71: 0 | N71: =INDEX(Define!E:E,MATCH(M71,Define!D:D)) -> なし | O71: 1 | P71: =INDEX(Define!H:H,MATCH(O71,Define!G:G)) -> 魔法 | Q71: 4 | R71: =INDEX(Define!K:K,MATCH(Q71,Define!J:J)) -> 自身 | S71: 4 | T71: =INDEX(Define!N:N,MATCH(S71,Define!M:M)) -> 自身 | U71: 1 | V71: 1 | W71: 1 | X71: 0
A72: 6020 | B72: 6020 | C72: =INDEX(TextData!B:B,MATCH(B72,TextData!A:A)) -> 交代 | D72: 0 | E72: =INDEX(Define!X:X,MATCH(D72,Define!W:W)) -> なし | F72: 0 | H72: 1 | I72: =INDEX(Define!B:B,MATCH(H72,Define!A:A)) -> 単体 | J72: 0 | K72: 0 | L72: 0 | M72: 0 | N72: =INDEX(Define!E:E,MATCH(M72,Define!D:D)) -> なし | O72: 1 | P72: =INDEX(Define!H:H,MATCH(O72,Define!G:G)) -> 魔法 | Q72: 2 | R72: =INDEX(Define!K:K,MATCH(Q72,Define!J:J)) -> 味方 | S72: 41 | T72: =INDEX(Define!N:N,MATCH(S72,Define!M:M)) -> 交代専用 | U72: 2 | V72: 1 | W72: 2 | X72: 0
A73: 10010 | B73: 10010 | C73: =INDEX(TextData!B:B,MATCH(B73,TextData!A:A)) -> アンデッド | D73: 6 | E73: =INDEX(Define!X:X,MATCH(D73,Define!W:W)) -> 自己強化 | F73: 51 | G73: =INDEX([1]Animations!B:B,MATCH(F73,[1]Animations!A:A)) -> NA_Effekseer/NA_aura_001 | H73: 1 | I73: =INDEX(Define!B:B,MATCH(H73,Define!A:A)) -> 単体 | J73: 0 | K73: 0 | L73: 0 | M73: 0 | N73: =INDEX(Define!E:E,MATCH(M73,Define!D:D)) -> なし | O73: 2 | P73: =INDEX(Define!H:H,MATCH(O73,Define!G:G)) -> パッシブ | Q73: 4 | R73: =INDEX(Define!K:K,MATCH(Q73,Define!J:J)) -> 自身 | S73: 4 | T73: =INDEX(Define!N:N,MATCH(S73,Define!M:M)) -> 自身 | U73: 1 | V73: 1 | W73: 1 | X73: 0
A74: 10020 | B74: 10020 | C74: =INDEX(TextData!B:B,MATCH(B74,TextData!A:A)) -> エアリアル | D74: 6 | E74: =INDEX(Define!X:X,MATCH(D74,Define!W:W)) -> 自己強化 | F74: 51 | G74: =INDEX([1]Animations!B:B,MATCH(F74,[1]Animations!A:A)) -> NA_Effekseer/NA_aura_001 | H74: 1 | I74: =INDEX(Define!B:B,MATCH(H74,Define!A:A)) -> 単体 | J74: 0 | K74: 0 | L74: 0 | M74: 0 | N74: =INDEX(Define!E:E,MATCH(M74,Define!D:D)) -> なし | O74: 2 | P74: =INDEX(Define!H:H,MATCH(O74,Define!G:G)) -> パッシブ | Q74: 4 | R74: =INDEX(Define!K:K,MATCH(Q74,Define!J:J)) -> 自身 | S74: 4 | T74: =INDEX(Define!N:N,MATCH(S74,Define!M:M)) -> 自身 | U74: 1 | V74: 1 | W74: 1 | X74: 0
A75: 10030 | B75: 10030 | C75: =INDEX(TextData!B:B,MATCH(B75,TextData!A:A)) -> 悪魔 | D75: 6 | E75: =INDEX(Define!X:X,MATCH(D75,Define!W:W)) -> 自己強化 | F75: 51 | G75: =INDEX([1]Animations!B:B,MATCH(F75,[1]Animations!A:A)) -> NA_Effekseer/NA_aura_001 | H75: 1 | I75: =INDEX(Define!B:B,MATCH(H75,Define!A:A)) -> 単体 | J75: 0 | K75: 0 | L75: 0 | M75: 0 | N75: =INDEX(Define!E:E,MATCH(M75,Define!D:D)) -> なし | O75: 2 | P75: =INDEX(Define!H:H,MATCH(O75,Define!G:G)) -> パッシブ | Q75: 4 | R75: =INDEX(Define!K:K,MATCH(Q75,Define!J:J)) -> 自身 | S75: 4 | T75: =INDEX(Define!N:N,MATCH(S75,Define!M:M)) -> 自身 | U75: 1 | V75: 1 | W75: 1 | X75: 0
A76: 10040 | B76: 10040 | C76: =INDEX(TextData!B:B,MATCH(B76,TextData!A:A)) -> クリーチャー | D76: 6 | E76: =INDEX(Define!X:X,MATCH(D76,Define!W:W)) -> 自己強化 | F76: 51 | G76: =INDEX([1]Animations!B:B,MATCH(F76,[1]Animations!A:A)) -> NA_Effekseer/NA_aura_001 | H76: 1 | I76: =INDEX(Define!B:B,MATCH(H76,Define!A:A)) -> 単体 | J76: 0 | K76: 0 | L76: 0 | M76: 0 | N76: =INDEX(Define!E:E,MATCH(M76,Define!D:D)) -> なし | O76: 2 | P76: =INDEX(Define!H:H,MATCH(O76,Define!G:G)) -> パッシブ | Q76: 4 | R76: =INDEX(Define!K:K,MATCH(Q76,Define!J:J)) -> 自身 | S76: 4 | T76: =INDEX(Define!N:N,MATCH(S76,Define!M:M)) -> 自身 | U76: 1 | V76: 1 | W76: 1 | X76: 0
A77: 10050 | B77: 10050 | C77: =INDEX(TextData!B:B,MATCH(B77,TextData!A:A)) -> 野生の記憶 | D77: 6 | E77: =INDEX(Define!X:X,MATCH(D77,Define!W:W)) -> 自己強化 | F77: 51 | G77: =INDEX([1]Animations!B:B,MATCH(F77,[1]Animations!A:A)) -> NA_Effekseer/NA_aura_001 | H77: 1 | I77: =INDEX(Define!B:B,MATCH(H77,Define!A:A)) -> 単体 | J77: 0 | K77: 0 | L77: 0 | M77: 0 | N77: =INDEX(Define!E:E,MATCH(M77,Define!D:D)) -> なし | O77: 2 | P77: =INDEX(Define!H:H,MATCH(O77,Define!G:G)) -> パッシブ | Q77: 4 | R77: =INDEX(Define!K:K,MATCH(Q77,Define!J:J)) -> 自身 | S77: 4 | T77: =INDEX(Define!N:N,MATCH(S77,Define!M:M)) -> 自身 | U77: 1 | V77: 1 | W77: 1 | X77: 0
A78: 10060 | B78: 10060 | C78: =INDEX(TextData!B:B,MATCH(B78,TextData!A:A)) -> 変異生物 | D78: 6 | E78: =INDEX(Define!X:X,MATCH(D78,Define!W:W)) -> 自己強化 | F78: 51 | G78: =INDEX([1]Animations!B:B,MATCH(F78,[1]Animations!A:A)) -> NA_Effekseer/NA_aura_001 | H78: 1 | I78: =INDEX(Define!B:B,MATCH(H78,Define!A:A)) -> 単体 | J78: 0 | K78: 0 | L78: 0 | M78: 0 | N78: =INDEX(Define!E:E,MATCH(M78,Define!D:D)) -> なし | O78: 2 | P78: =INDEX(Define!H:H,MATCH(O78,Define!G:G)) -> パッシブ | Q78: 4 | R78: =INDEX(Define!K:K,MATCH(Q78,Define!J:J)) -> 自身 | S78: 4 | T78: =INDEX(Define!N:N,MATCH(S78,Define!M:M)) -> 自身 | U78: 1 | V78: 1 | W78: 1 | X78: 0
A79: 10110 | B79: 10120 | C79: =INDEX(TextData!B:B,MATCH(B79,TextData!A:A)) -> 先天属性・雷 | D79: 6 | E79: =INDEX(Define!X:X,MATCH(D79,Define!W:W)) -> 自己強化 | F79: 0 | H79: 1 | I79: =INDEX(Define!B:B,MATCH(H79,Define!A:A)) -> 単体 | J79: 0 | K79: 0 | L79: 10 | M79: 2 | N79: =INDEX(Define!E:E,MATCH(M79,Define!D:D)) -> 雷 | O79: 8 | P79: =INDEX(Define!H:H,MATCH(O79,Define!G:G)) -> カインド | Q79: 4 | R79: =INDEX(Define!K:K,MATCH(Q79,Define!J:J)) -> 自身 | S79: 4 | T79: =INDEX(Define!N:N,MATCH(S79,Define!M:M)) -> 自身 | U79: 1 | V79: 1 | W79: 1 | X79: 0
A80: 10120 | B80: 10130 | C80: =INDEX(TextData!B:B,MATCH(B80,TextData!A:A)) -> 先天属性・氷 | D80: 6 | E80: =INDEX(Define!X:X,MATCH(D80,Define!W:W)) -> 自己強化 | F80: 0 | H80: 1 | I80: =INDEX(Define!B:B,MATCH(H80,Define!A:A)) -> 単体 | J80: 0 | K80: 0 | L80: 10 | M80: 3 | N80: =INDEX(Define!E:E,MATCH(M80,Define!D:D)) -> 氷 | O80: 8 | P80: =INDEX(Define!H:H,MATCH(O80,Define!G:G)) -> カインド | Q80: 4 | R80: =INDEX(Define!K:K,MATCH(Q80,Define!J:J)) -> 自身 | S80: 4 | T80: =INDEX(Define!N:N,MATCH(S80,Define!M:M)) -> 自身 | U80: 1 | V80: 1 | W80: 1 | X80: 0
A81: 10130 | B81: 10110 | C81: =INDEX(TextData!B:B,MATCH(B81,TextData!A:A)) -> 先天属性・炎 | D81: 6 | E81: =INDEX(Define!X:X,MATCH(D81,Define!W:W)) -> 自己強化 | F81: 0 | H81: 1 | I81: =INDEX(Define!B:B,MATCH(H81,Define!A:A)) -> 単体 | J81: 0 | K81: 0 | L81: 10 | M81: 1 | N81: =INDEX(Define!E:E,MATCH(M81,Define!D:D)) -> 炎 | O81: 8 | P81: =INDEX(Define!H:H,MATCH(O81,Define!G:G)) -> カインド | Q81: 4 | R81: =INDEX(Define!K:K,MATCH(Q81,Define!J:J)) -> 自身 | S81: 4 | T81: =INDEX(Define!N:N,MATCH(S81,Define!M:M)) -> 自身 | U81: 1 | V81: 1 | W81: 1 | X81: 0
A82: 10140 | B82: 10150 | C82: =INDEX(TextData!B:B,MATCH(B82,TextData!A:A)) -> 先天属性・闇 | D82: 6 | E82: =INDEX(Define!X:X,MATCH(D82,Define!W:W)) -> 自己強化 | F82: 0 | H82: 1 | I82: =INDEX(Define!B:B,MATCH(H82,Define!A:A)) -> 単体 | J82: 0 | K82: 0 | L82: 10 | M82: 5 | N82: =INDEX(Define!E:E,MATCH(M82,Define!D:D)) -> 闇 | O82: 8 | P82: =INDEX(Define!H:H,MATCH(O82,Define!G:G)) -> カインド | Q82: 4 | R82: =INDEX(Define!K:K,MATCH(Q82,Define!J:J)) -> 自身 | S82: 4 | T82: =INDEX(Define!N:N,MATCH(S82,Define!M:M)) -> 自身 | U82: 1 | V82: 1 | W82: 1 | X82: 0
A83: 10150 | B83: 10140 | C83: =INDEX(TextData!B:B,MATCH(B83,TextData!A:A)) -> 先天属性・光 | D83: 6 | E83: =INDEX(Define!X:X,MATCH(D83,Define!W:W)) -> 自己強化 | F83: 0 | H83: 1 | I83: =INDEX(Define!B:B,MATCH(H83,Define!A:A)) -> 単体 | J83: 0 | K83: 0 | L83: 10 | M83: 4 | N83: =INDEX(Define!E:E,MATCH(M83,Define!D:D)) -> 光 | O83: 8 | P83: =INDEX(Define!H:H,MATCH(O83,Define!G:G)) -> カインド | Q83: 4 | R83: =INDEX(Define!K:K,MATCH(Q83,Define!J:J)) -> 自身 | S83: 4 | T83: =INDEX(Define!N:N,MATCH(S83,Define!M:M)) -> 自身 | U83: 1 | V83: 1 | W83: 1 | X83: 0
A84: 10210 | B84: 10210 | C84: =INDEX(TextData!B:B,MATCH(B84,TextData!A:A)) -> 装備スロット数+1 | D84: 6 | E84: =INDEX(Define!X:X,MATCH(D84,Define!W:W)) -> 自己強化 | F84: 0 | H84: 1 | I84: =INDEX(Define!B:B,MATCH(H84,Define!A:A)) -> 単体 | J84: 0 | K84: 0 | L84: 0 | M84: 0 | N84: =INDEX(Define!E:E,MATCH(M84,Define!D:D)) -> なし | O84: 8 | P84: =INDEX(Define!H:H,MATCH(O84,Define!G:G)) -> カインド | Q84: 4 | R84: =INDEX(Define!K:K,MATCH(Q84,Define!J:J)) -> 自身 | S84: 4 | T84: =INDEX(Define!N:N,MATCH(S84,Define!M:M)) -> 自身 | U84: 1 | V84: 1 | W84: 1 | X84: 0
A85: 11010 | B85: 11010 | C85: =INDEX(TextData!B:B,MATCH(B85,TextData!A:A)) -> フレイムセイバー | D85: 6 | E85: =INDEX(Define!X:X,MATCH(D85,Define!W:W)) -> 自己強化 | F85: 1109 | G85: =INDEX([1]Animations!B:B,MATCH(F85,[1]Animations!A:A)) -> MakerEffect/Flash | H85: 1 | I85: =INDEX(Define!B:B,MATCH(H85,Define!A:A)) -> 単体 | J85: 0 | K85: 3 | L85: 20 | M85: 1 | N85: =INDEX(Define!E:E,MATCH(M85,Define!D:D)) -> 炎 | O85: 2 | P85: =INDEX(Define!H:H,MATCH(O85,Define!G:G)) -> パッシブ | Q85: 7 | R85: =INDEX(Define!K:K,MATCH(Q85,Define!J:J)) -> 追撃 | S85: 1 | T85: =INDEX(Define!N:N,MATCH(S85,Define!M:M)) -> 単体 | U85: 1 | V85: 1 | W85: 1 | X85: 0
A86: 11020 | B86: 11020 | C86: =INDEX(TextData!B:B,MATCH(B86,TextData!A:A)) -> イーグルアイ | D86: 6 | E86: =INDEX(Define!X:X,MATCH(D86,Define!W:W)) -> 自己強化 | F86: 3005 | G86: =INDEX([1]Animations!B:B,MATCH(F86,[1]Animations!A:A)) -> Genfulew_Effect/B&S_MinMax_AttackUp | H86: 1 | I86: =INDEX(Define!B:B,MATCH(H86,Define!A:A)) -> 単体 | J86: 0 | K86: 3 | L86: 20 | M86: 1 | N86: =INDEX(Define!E:E,MATCH(M86,Define!D:D)) -> 炎 | O86: 2 | P86: =INDEX(Define!H:H,MATCH(O86,Define!G:G)) -> パッシブ | Q86: 4 | R86: =INDEX(Define!K:K,MATCH(Q86,Define!J:J)) -> 自身 | S86: 4 | T86: =INDEX(Define!N:N,MATCH(S86,Define!M:M)) -> 自身 | U86: 1 | V86: 1 | W86: 1 | X86: 0
A87: 11030 | B87: 11030 | C87: =INDEX(TextData!B:B,MATCH(B87,TextData!A:A)) -> ウォークライ | D87: 6 | E87: =INDEX(Define!X:X,MATCH(D87,Define!W:W)) -> 自己強化 | F87: 3005 | G87: =INDEX([1]Animations!B:B,MATCH(F87,[1]Animations!A:A)) -> Genfulew_Effect/B&S_MinMax_AttackUp | H87: 1 | I87: =INDEX(Define!B:B,MATCH(H87,Define!A:A)) -> 単体 | J87: 0 | K87: 0 | L87: 20 | M87: 1 | N87: =INDEX(Define!E:E,MATCH(M87,Define!D:D)) -> 炎 | O87: 2 | P87: =INDEX(Define!H:H,MATCH(O87,Define!G:G)) -> パッシブ | Q87: 4 | R87: =INDEX(Define!K:K,MATCH(Q87,Define!J:J)) -> 自身 | S87: 4 | T87: =INDEX(Define!N:N,MATCH(S87,Define!M:M)) -> 自身 | U87: 1 | V87: 1 | W87: 1 | X87: 0
A88: 11040 | B88: 11040 | C88: =INDEX(TextData!B:B,MATCH(B88,TextData!A:A)) -> ウルフソウル | D88: 6 | E88: =INDEX(Define!X:X,MATCH(D88,Define!W:W)) -> 自己強化 | F88: 3005 | G88: =INDEX([1]Animations!B:B,MATCH(F88,[1]Animations!A:A)) -> Genfulew_Effect/B&S_MinMax_AttackUp | H88: 1 | I88: =INDEX(Define!B:B,MATCH(H88,Define!A:A)) -> 単体 | J88: 0 | K88: 0 | L88: 20 | M88: 1 | N88: =INDEX(Define!E:E,MATCH(M88,Define!D:D)) -> 炎 | O88: 2 | P88: =INDEX(Define!H:H,MATCH(O88,Define!G:G)) -> パッシブ | Q88: 4 | R88: =INDEX(Define!K:K,MATCH(Q88,Define!J:J)) -> 自身 | S88: 4 | T88: =INDEX(Define!N:N,MATCH(S88,Define!M:M)) -> 自身 | U88: 1 | V88: 1 | W88: 1 | X88: 0
A89: 11050 | B89: 11050 | C89: =INDEX(TextData!B:B,MATCH(B89,TextData!A:A)) -> キュアファイア | D89: 6 | E89: =INDEX(Define!X:X,MATCH(D89,Define!W:W)) -> 自己強化 | F89: 3023 | G89: =INDEX([1]Animations!B:B,MATCH(F89,[1]Animations!A:A)) -> Genfulew_Effect/B&S_MinMax_Cure | H89: 1 | I89: =INDEX(Define!B:B,MATCH(H89,Define!A:A)) -> 単体 | J89: 0 | K89: 5 | L89: 20 | M89: 1 | N89: =INDEX(Define!E:E,MATCH(M89,Define!D:D)) -> 炎 | O89: 2 | P89: =INDEX(Define!H:H,MATCH(O89,Define!G:G)) -> パッシブ | Q89: 2 | R89: =INDEX(Define!K:K,MATCH(Q89,Define!J:J)) -> 味方 | S89: 1 | T89: =INDEX(Define!N:N,MATCH(S89,Define!M:M)) -> 単体 | U89: 1 | V89: 1 | W89: 1 | X89: 0
A90: 11070 | B90: 11070 | C90: =INDEX(TextData!B:B,MATCH(B90,TextData!A:A)) -> ルージュバック | D90: 6 | E90: =INDEX(Define!X:X,MATCH(D90,Define!W:W)) -> 自己強化 | F90: 3005 | G90: =INDEX([1]Animations!B:B,MATCH(F90,[1]Animations!A:A)) -> Genfulew_Effect/B&S_MinMax_AttackUp | H90: 1 | I90: =INDEX(Define!B:B,MATCH(H90,Define!A:A)) -> 単体 | J90: 0 | K90: 0 | L90: 20 | M90: 1 | N90: =INDEX(Define!E:E,MATCH(M90,Define!D:D)) -> 炎 | O90: 2 | P90: =INDEX(Define!H:H,MATCH(O90,Define!G:G)) -> パッシブ | Q90: 4 | R90: =INDEX(Define!K:K,MATCH(Q90,Define!J:J)) -> 自身 | S90: 4 | T90: =INDEX(Define!N:N,MATCH(S90,Define!M:M)) -> 自身 | U90: 1 | V90: 1 | W90: 1 | X90: 0
A91: 11090 | B91: 11090 | C91: =INDEX(TextData!B:B,MATCH(B91,TextData!A:A)) -> スレイプニル | D91: 6 | E91: =INDEX(Define!X:X,MATCH(D91,Define!W:W)) -> 自己強化 | F91: 3005 | G91: =INDEX([1]Animations!B:B,MATCH(F91,[1]Animations!A:A)) -> Genfulew_Effect/B&S_MinMax_AttackUp | H91: 1 | I91: =INDEX(Define!B:B,MATCH(H91,Define!A:A)) -> 単体 | J91: 0 | K91: 3 | L91: 20 | M91: 1 | N91: =INDEX(Define!E:E,MATCH(M91,Define!D:D)) -> 炎 | O91: 2 | P91: =INDEX(Define!H:H,MATCH(O91,Define!G:G)) -> パッシブ | Q91: 4 | R91: =INDEX(Define!K:K,MATCH(Q91,Define!J:J)) -> 自身 | S91: 4 | T91: =INDEX(Define!N:N,MATCH(S91,Define!M:M)) -> 自身 | U91: 1 | V91: 1 | W91: 1 | X91: 0
A92: 11100 | B92: 11100 | C92: =INDEX(TextData!B:B,MATCH(B92,TextData!A:A)) -> レストア | D92: 6 | E92: =INDEX(Define!X:X,MATCH(D92,Define!W:W)) -> 自己強化 | F92: 1109 | G92: =INDEX([1]Animations!B:B,MATCH(F92,[1]Animations!A:A)) -> MakerEffect/Flash | H92: 1 | I92: =INDEX(Define!B:B,MATCH(H92,Define!A:A)) -> 単体 | J92: 0 | K92: 3 | L92: 20 | M92: 1 | N92: =INDEX(Define!E:E,MATCH(M92,Define!D:D)) -> 炎 | O92: 2 | P92: =INDEX(Define!H:H,MATCH(O92,Define!G:G)) -> パッシブ | Q92: 11 | R92: =INDEX(Define!K:K,MATCH(Q92,Define!J:J)) -> Triggerの条件を満たす | S92: 1 | T92: =INDEX(Define!N:N,MATCH(S92,Define!M:M)) -> 単体 | U92: 1 | V92: 1 | W92: 1 | X92: 0
A93: 11110 | B93: 11110 | C93: =INDEX(TextData!B:B,MATCH(B93,TextData!A:A)) -> レイジカウンター | D93: 6 | E93: =INDEX(Define!X:X,MATCH(D93,Define!W:W)) -> 自己強化 | F93: 3005 | G93: =INDEX([1]Animations!B:B,MATCH(F93,[1]Animations!A:A)) -> Genfulew_Effect/B&S_MinMax_AttackUp | H93: 1 | I93: =INDEX(Define!B:B,MATCH(H93,Define!A:A)) -> 単体 | J93: 0 | K93: 3 | L93: 30 | M93: 1 | N93: =INDEX(Define!E:E,MATCH(M93,Define!D:D)) -> 炎 | O93: 2 | P93: =INDEX(Define!H:H,MATCH(O93,Define!G:G)) -> パッシブ | Q93: 6 | R93: =INDEX(Define!K:K,MATCH(Q93,Define!J:J)) -> 反撃 | S93: 1 | T93: =INDEX(Define!N:N,MATCH(S93,Define!M:M)) -> 単体 | U93: 1 | V93: 1 | W93: 1 | X93: 0
A94: 11120 | B94: 11120 | C94: =INDEX(TextData!B:B,MATCH(B94,TextData!A:A)) -> パワーエール | D94: 6 | E94: =INDEX(Define!X:X,MATCH(D94,Define!W:W)) -> 自己強化 | F94: 3005 | G94: =INDEX([1]Animations!B:B,MATCH(F94,[1]Animations!A:A)) -> Genfulew_Effect/B&S_MinMax_AttackUp | H94: 1 | I94: =INDEX(Define!B:B,MATCH(H94,Define!A:A)) -> 単体 | J94: 0 | K94: 3 | L94: 30 | M94: 1 | N94: =INDEX(Define!E:E,MATCH(M94,Define!D:D)) -> 炎 | O94: 2 | P94: =INDEX(Define!H:H,MATCH(O94,Define!G:G)) -> パッシブ | Q94: 11 | R94: =INDEX(Define!K:K,MATCH(Q94,Define!J:J)) -> Triggerの条件を満たす | S94: 1 | T94: =INDEX(Define!N:N,MATCH(S94,Define!M:M)) -> 単体 | U94: 1 | V94: 1 | W94: 1 | X94: 1
A95: 11130 | B95: 11130 | C95: =INDEX(TextData!B:B,MATCH(B95,TextData!A:A)) -> ワイドカウンター | D95: 6 | E95: =INDEX(Define!X:X,MATCH(D95,Define!W:W)) -> 自己強化 | F95: 1109 | G95: =INDEX([1]Animations!B:B,MATCH(F95,[1]Animations!A:A)) -> MakerEffect/Flash | H95: 1 | I95: =INDEX(Define!B:B,MATCH(H95,Define!A:A)) -> 単体 | J95: 0 | K95: 3 | L95: 30 | M95: 1 | N95: =INDEX(Define!E:E,MATCH(M95,Define!D:D)) -> 炎 | O95: 2 | P95: =INDEX(Define!H:H,MATCH(O95,Define!G:G)) -> パッシブ | Q95: 6 | R95: =INDEX(Define!K:K,MATCH(Q95,Define!J:J)) -> 反撃 | S95: 2 | T95: =INDEX(Define!N:N,MATCH(S95,Define!M:M)) -> 列 | U95: 1 | V95: 1 | W95: 1 | X95: 0
A96: 11140 | B96: 11140 | C96: =INDEX(TextData!B:B,MATCH(B96,TextData!A:A)) -> ライジングファイア | D96: 6 | E96: =INDEX(Define!X:X,MATCH(D96,Define!W:W)) -> 自己強化 | F96: 1109 | G96: =INDEX([1]Animations!B:B,MATCH(F96,[1]Animations!A:A)) -> MakerEffect/Flash | H96: 1 | I96: =INDEX(Define!B:B,MATCH(H96,Define!A:A)) -> 単体 | J96: 0 | K96: 0 | L96: 30 | M96: 1 | N96: =INDEX(Define!E:E,MATCH(M96,Define!D:D)) -> 炎 | O96: 2 | P96: =INDEX(Define!H:H,MATCH(O96,Define!G:G)) -> パッシブ | Q96: 4 | R96: =INDEX(Define!K:K,MATCH(Q96,Define!J:J)) -> 自身 | S96: 4 | T96: =INDEX(Define!N:N,MATCH(S96,Define!M:M)) -> 自身 | U96: 1 | V96: 1 | W96: 1 | X96: 0
... A173: 15940 | B173: 15940 | C173: =INDEX(TextData!B:B,MATCH(B173,TextData!A:A)) -> スカルグラッジ | D173: 6 | E173: =INDEX(Define!X:X,MATCH(D173,Define!W:W)) -> 自己強化 | F173: 3047 | G173: =INDEX([1]Animations!B:B,MATCH(F173,[1]Animations!A:A)) -> Genfulew_Effect/B&S_MinMax_Dispel | H173: 1 | I173: =INDEX(Define!B:B,MATCH(H173,Define!A:A)) -> 単体 | J173: 0 | K173: 0 | L173: 30 | M173: 5 | N173: =INDEX(Define!E:E,MATCH(M173,Define!D:D)) -> 闇 | O173: 2 | P173: =INDEX(Define!H:H,MATCH(O173,Define!G:G)) -> パッシブ | Q173: 4 | R173: =INDEX(Define!K:K,MATCH(Q173,Define!J:J)) -> 自身 | S173: 4 | T173: =INDEX(Define!N:N,MATCH(S173,Define!M:M)) -> 自身 | U173: 1 | V173: 1 | W173: 1 | X173: 0
A174: 20010 | B174: 20010 | C174: =INDEX(TextData!B:B,MATCH(B174,TextData!A:A)) -> ウェイトユニゾン | D174: 99 | E174: =INDEX(Define!X:X,MATCH(D174,Define!W:W)) -> その他 | F174: 0 | H174: 1 | I174: =INDEX(Define!B:B,MATCH(H174,Define!A:A)) -> 単体 | J174: 0 | K174: 0 | L174: 0 | M174: 6 | N174: =INDEX(Define!E:E,MATCH(M174,Define!D:D)) -> 無 | O174: 1 | P174: =INDEX(Define!H:H,MATCH(O174,Define!G:G)) -> 魔法 | Q174: 4 | R174: =INDEX(Define!K:K,MATCH(Q174,Define!J:J)) -> 自身 | S174: 4 | T174: =INDEX(Define!N:N,MATCH(S174,Define!M:M)) -> 自身 | U174: 1 | V174: 1 | W174: 1 | X174: 0
A175: 30010 | B175: 30010 | C175: =INDEX(TextData!B:B,MATCH(B175,TextData!A:A)) -> ラーニングピアス | D175: 6 | E175: =INDEX(Define!X:X,MATCH(D175,Define!W:W)) -> 自己強化 | F175: 0 | H175: 1 | I175: =INDEX(Define!B:B,MATCH(H175,Define!A:A)) -> 単体 | J175: 0 | K175: 0 | L175: 20 | M175: 6 | N175: =INDEX(Define!E:E,MATCH(M175,Define!D:D)) -> 無 | O175: 7 | P175: =INDEX(Define!H:H,MATCH(O175,Define!G:G)) -> 装備 | Q175: 4 | R175: =INDEX(Define!K:K,MATCH(Q175,Define!J:J)) -> 自身 | S175: 4 | T175: =INDEX(Define!N:N,MATCH(S175,Define!M:M)) -> 自身 | U175: 1 | V175: 1 | W175: 1 | X175: 0
A176: 30020 | B176: 30020 | C176: =INDEX(TextData!B:B,MATCH(B176,TextData!A:A)) -> スティールヒール | D176: 6 | E176: =INDEX(Define!X:X,MATCH(D176,Define!W:W)) -> 自己強化 | F176: 0 | H176: 1 | I176: =INDEX(Define!B:B,MATCH(H176,Define!A:A)) -> 単体 | J176: 0 | K176: 0 | L176: 20 | M176: 6 | N176: =INDEX(Define!E:E,MATCH(M176,Define!D:D)) -> 無 | O176: 7 | P176: =INDEX(Define!H:H,MATCH(O176,Define!G:G)) -> 装備 | Q176: 4 | R176: =INDEX(Define!K:K,MATCH(Q176,Define!J:J)) -> 自身 | S176: 4 | T176: =INDEX(Define!N:N,MATCH(S176,Define!M:M)) -> 自身 | U176: 1 | V176: 1 | W176: 1 | X176: 0
A177: 30030 | B177: 30030 | C177: =INDEX(TextData!B:B,MATCH(B177,TextData!A:A)) -> ガッツ | D177: 6 | E177: =INDEX(Define!X:X,MATCH(D177,Define!W:W)) -> 自己強化 | F177: 0 | H177: 1 | I177: =INDEX(Define!B:B,MATCH(H177,Define!A:A)) -> 単体 | J177: 0 | K177: 0 | L177: 30 | M177: 6 | N177: =INDEX(Define!E:E,MATCH(M177,Define!D:D)) -> 無 | O177: 7 | P177: =INDEX(Define!H:H,MATCH(O177,Define!G:G)) -> 装備 | Q177: 4 | R177: =INDEX(Define!K:K,MATCH(Q177,Define!J:J)) -> 自身 | S177: 4 | T177: =INDEX(Define!N:N,MATCH(S177,Define!M:M)) -> 自身 | U177: 1 | V177: 1 | W177: 1 | X177: 0
A178: 100110 | B178: 100110 | C178: =INDEX(TextData!B:B,MATCH(B178,TextData!A:A)) -> ソーイングアームド | D178: 10 | E178: =INDEX(Define!X:X,MATCH(D178,Define!W:W)) -> 半神 | F178: 51 | G178: =INDEX([1]Animations!B:B,MATCH(F178,[1]Animations!A:A)) -> NA_Effekseer/NA_aura_001 | H178: 1 | I178: =INDEX(Define!B:B,MATCH(H178,Define!A:A)) -> 単体 | J178: 0 | K178: 0 | L178: 1000 | M178: 1 | N178: =INDEX(Define!E:E,MATCH(M178,Define!D:D)) -> 炎 | O178: 3 | P178: =INDEX(Define!H:H,MATCH(O178,Define!G:G)) -> 神化 | Q178: 4 | R178: =INDEX(Define!K:K,MATCH(Q178,Define!J:J)) -> 自身 | S178: 2 | T178: =INDEX(Define!N:N,MATCH(S178,Define!M:M)) -> 列 | U178: 2 | V178: 1 | W178: 1 | X178: 0
A179: 100120 | B179: 100120 | C179: =INDEX(TextData!B:B,MATCH(B179,TextData!A:A)) -> エターナルロンド | D179: 11 | E179: =INDEX(Define!X:X,MATCH(D179,Define!W:W)) -> 覚醒 | F179: 101 | G179: =INDEX([1]Animations!B:B,MATCH(F179,[1]Animations!A:A)) -> MakerEffect/FireOne1 | H179: 1 | I179: =INDEX(Define!B:B,MATCH(H179,Define!A:A)) -> 単体 | J179: 0 | K179: 0 | L179: 1000 | M179: 1 | N179: =INDEX(Define!E:E,MATCH(M179,Define!D:D)) -> 炎 | O179: 4 | P179: =INDEX(Define!H:H,MATCH(O179,Define!G:G)) -> 覚醒 | Q179: 1 | R179: =INDEX(Define!K:K,MATCH(Q179,Define!J:J)) -> 相手 | S179: 1 | T179: =INDEX(Define!N:N,MATCH(S179,Define!M:M)) -> 単体 | U179: 1 | V179: 1 | W179: 1 | X179: 0
A180: 100210 | B180: 100210 | C180: =INDEX(TextData!B:B,MATCH(B180,TextData!A:A)) -> ピースメーカー | D180: 10 | E180: =INDEX(Define!X:X,MATCH(D180,Define!W:W)) -> 半神 | F180: 51 | G180: =INDEX([1]Animations!B:B,MATCH(F180,[1]Animations!A:A)) -> NA_Effekseer/NA_aura_001 | H180: 1 | I180: =INDEX(Define!B:B,MATCH(H180,Define!A:A)) -> 単体 | J180: 0 | K180: 0 | L180: 1000 | M180: 2 | N180: =INDEX(Define!E:E,MATCH(M180,Define!D:D)) -> 雷 | O180: 3 | P180: =INDEX(Define!H:H,MATCH(O180,Define!G:G)) -> 神化 | Q180: 4 | R180: =INDEX(Define!K:K,MATCH(Q180,Define!J:J)) -> 自身 | S180: 4 | T180: =INDEX(Define!N:N,MATCH(S180,Define!M:M)) -> 自身 | U180: 1 | V180: 1 | W180: 1 | X180: 0
A181: 100220 | B181: 100220 | C181: =INDEX(TextData!B:B,MATCH(B181,TextData!A:A)) -> レヴェリー | D181: 11 | E181: =INDEX(Define!X:X,MATCH(D181,Define!W:W)) -> 覚醒 | F181: 1002 | G181: =INDEX([1]Animations!B:B,MATCH(F181,[1]Animations!A:A)) -> MakerEffect/HitEffect | H181: 1 | I181: =INDEX(Define!B:B,MATCH(H181,Define!A:A)) -> 単体 | J181: 0 | K181: 0 | L181: 1000 | M181: 2 | N181: =INDEX(Define!E:E,MATCH(M181,Define!D:D)) -> 雷 | O181: 4 | P181: =INDEX(Define!H:H,MATCH(O181,Define!G:G)) -> 覚醒 | Q181: 1 | R181: =INDEX(Define!K:K,MATCH(Q181,Define!J:J)) -> 相手 | S181: 1 | T181: =INDEX(Define!N:N,MATCH(S181,Define!M:M)) -> 単体 | U181: 2 | V181: 7 | W181: 1 | X181: 0
A182: 100310 | B182: 100310 | C182: =INDEX(TextData!B:B,MATCH(B182,TextData!A:A)) -> セイクリッドバリア | D182: 10 | E182: =INDEX(Define!X:X,MATCH(D182,Define!W:W)) -> 半神 | F182: 51 | G182: =INDEX([1]Animations!B:B,MATCH(F182,[1]Animations!A:A)) -> NA_Effekseer/NA_aura_001 | H182: 1 | I182: =INDEX(Define!B:B,MATCH(H182,Define!A:A)) -> 単体 | J182: 0 | K182: 0 | L182: 1000 | M182: 3 | N182: =INDEX(Define!E:E,MATCH(M182,Define!D:D)) -> 氷 | O182: 3 | P182: =INDEX(Define!H:H,MATCH(O182,Define!G:G)) -> 神化 | Q182: 2 | R182: =INDEX(Define!K:K,MATCH(Q182,Define!J:J)) -> 味方 | S182: 3 | T182: =INDEX(Define!N:N,MATCH(S182,Define!M:M)) -> 全体 | U182: 2 | V182: 1 | W182: 1 | X182: 0
A183: 100320 | B183: 100320 | C183: =INDEX(TextData!B:B,MATCH(B183,TextData!A:A)) -> リベンジニードル | D183: 11 | E183: =INDEX(Define!X:X,MATCH(D183,Define!W:W)) -> 覚醒 | F183: 1003 | G183: =INDEX([1]Animations!B:B,MATCH(F183,[1]Animations!A:A)) -> MakerEffect/HitFire | H183: 1 | I183: =INDEX(Define!B:B,MATCH(H183,Define!A:A)) -> 単体 | J183: 0 | K183: 0 | L183: 1000 | M183: 3 | N183: =INDEX(Define!E:E,MATCH(M183,Define!D:D)) -> 氷 | O183: 4 | P183: =INDEX(Define!H:H,MATCH(O183,Define!G:G)) -> 覚醒 | Q183: 1 | R183: =INDEX(Define!K:K,MATCH(Q183,Define!J:J)) -> 相手 | S183: 3 | T183: =INDEX(Define!N:N,MATCH(S183,Define!M:M)) -> 全体 | U183: 1 | V183: 1 | W183: 1 | X183: 0
A184: 100410 | B184: 100410 | C184: =INDEX(TextData!B:B,MATCH(B184,TextData!A:A)) -> アバンデンス | D184: 10 | E184: =INDEX(Define!X:X,MATCH(D184,Define!W:W)) -> 半神 | F184: 401 | G184: =INDEX([1]Animations!B:B,MATCH(F184,[1]Animations!A:A)) -> MakerEffect/LightOne1 | H184: 1 | I184: =INDEX(Define!B:B,MATCH(H184,Define!A:A)) -> 単体 | J184: 0 | K184: 0 | L184: 1000 | M184: 4 | N184: =INDEX(Define!E:E,MATCH(M184,Define!D:D)) -> 光 | O184: 3 | P184: =INDEX(Define!H:H,MATCH(O184,Define!G:G)) -> 神化 | Q184: 2 | R184: =INDEX(Define!K:K,MATCH(Q184,Define!J:J)) -> 味方 | S184: 3 | T184: =INDEX(Define!N:N,MATCH(S184,Define!M:M)) -> 全体 | U184: 2 | V184: 1 | W184: 0 | X184: 0
A185: 100420 | B185: 100420 | C185: =INDEX(TextData!B:B,MATCH(B185,TextData!A:A)) -> ハーヴェスト | D185: 11 | E185: =INDEX(Define!X:X,MATCH(D185,Define!W:W)) -> 覚醒 | F185: 1004 | G185: =INDEX([1]Animations!B:B,MATCH(F185,[1]Animations!A:A)) -> MakerEffect/HitIce | H185: 1 | I185: =INDEX(Define!B:B,MATCH(H185,Define!A:A)) -> 単体 | J185: 0 | K185: 0 | L185: 1000 | M185: 4 | N185: =INDEX(Define!E:E,MATCH(M185,Define!D:D)) -> 光 | O185: 4 | P185: =INDEX(Define!H:H,MATCH(O185,Define!G:G)) -> 覚醒 | Q185: 2 | R185: =INDEX(Define!K:K,MATCH(Q185,Define!J:J)) -> 味方 | S185: 3 | T185: =INDEX(Define!N:N,MATCH(S185,Define!M:M)) -> 全体 | U185: 2 | V185: 1 | W185: 1 | X185: 0
A186: 100510 | B186: 100510 | C186: =INDEX(TextData!B:B,MATCH(B186,TextData!A:A)) -> カースドブレイク | D186: 10 | E186: =INDEX(Define!X:X,MATCH(D186,Define!W:W)) -> 半神 | F186: 51 | G186: =INDEX([1]Animations!B:B,MATCH(F186,[1]Animations!A:A)) -> NA_Effekseer/NA_aura_001 | H186: 1 | I186: =INDEX(Define!B:B,MATCH(H186,Define!A:A)) -> 単体 | J186: 0 | K186: 0 | L186: 1000 | M186: 5 | N186: =INDEX(Define!E:E,MATCH(M186,Define!D:D)) -> 闇 | O186: 3 | P186: =INDEX(Define!H:H,MATCH(O186,Define!G:G)) -> 神化 | Q186: 4 | R186: =INDEX(Define!K:K,MATCH(Q186,Define!J:J)) -> 自身 | S186: 4 | T186: =INDEX(Define!N:N,MATCH(S186,Define!M:M)) -> 自身 | U186: 1 | V186: 1 | W186: 1 | X186: 0
A187: 100520 | B187: 100520 | C187: =INDEX(TextData!B:B,MATCH(B187,TextData!A:A)) -> ムーンライトレイ | D187: 11 | E187: =INDEX(Define!X:X,MATCH(D187,Define!W:W)) -> 覚醒 | F187: 1005 | G187: =INDEX([1]Animations!B:B,MATCH(F187,[1]Animations!A:A)) -> MakerEffect/HitThunder | H187: 1 | I187: =INDEX(Define!B:B,MATCH(H187,Define!A:A)) -> 単体 | J187: 0 | K187: 0 | L187: 1000 | M187: 5 | N187: =INDEX(Define!E:E,MATCH(M187,Define!D:D)) -> 闇 | O187: 4 | P187: =INDEX(Define!H:H,MATCH(O187,Define!G:G)) -> 覚醒 | Q187: 1 | R187: =INDEX(Define!K:K,MATCH(Q187,Define!J:J)) -> 相手 | S187: 3 | T187: =INDEX(Define!N:N,MATCH(S187,Define!M:M)) -> 全体 | U187: 2 | V187: 1 | W187: 1 | X187: 0
A188: 100610 | B188: 100610 | C188: =INDEX(TextData!B:B,MATCH(B188,TextData!A:A)) -> サンフレイム | D188: 10 | E188: =INDEX(Define!X:X,MATCH(D188,Define!W:W)) -> 半神 | F188: 51 | G188: =INDEX([1]Animations!B:B,MATCH(F188,[1]Animations!A:A)) -> NA_Effekseer/NA_aura_001 | H188: 1 | I188: =INDEX(Define!B:B,MATCH(H188,Define!A:A)) -> 単体 | J188: 0 | K188: 0 | L188: 1000 | M188: 1 | N188: =INDEX(Define!E:E,MATCH(M188,Define!D:D)) -> 炎 | O188: 3 | P188: =INDEX(Define!H:H,MATCH(O188,Define!G:G)) -> 神化 | Q188: 4 | R188: =INDEX(Define!K:K,MATCH(Q188,Define!J:J)) -> 自身 | S188: 31 | T188: =INDEX(Define!N:N,MATCH(S188,Define!M:M)) -> 単体と両隣 | U188: 2 | V188: 1 | W188: 1 | X188: 0
A189: 100620 | B189: 100620 | C189: =INDEX(TextData!B:B,MATCH(B189,TextData!A:A)) -> フレイムタン | D189: 11 | E189: =INDEX(Define!X:X,MATCH(D189,Define!W:W)) -> 覚醒 | F189: 1005 | G189: =INDEX([1]Animations!B:B,MATCH(F189,[1]Animations!A:A)) -> MakerEffect/HitThunder | H189: 1 | I189: =INDEX(Define!B:B,MATCH(H189,Define!A:A)) -> 単体 | J189: 0 | K189: 0 | L189: 1000 | M189: 1 | N189: =INDEX(Define!E:E,MATCH(M189,Define!D:D)) -> 炎 | O189: 4 | P189: =INDEX(Define!H:H,MATCH(O189,Define!G:G)) -> 覚醒 | Q189: 1 | R189: =INDEX(Define!K:K,MATCH(Q189,Define!J:J)) -> 相手 | S189: 3 | T189: =INDEX(Define!N:N,MATCH(S189,Define!M:M)) -> 全体 | U189: 2 | V189: 1 | W189: 1 | X189: 0
... A246: 301100 | B246: 301100 | C246: =INDEX(TextData!B:B,MATCH(B246,TextData!A:A)) -> ファーストテイク | D246: 6 | E246: =INDEX(Define!X:X,MATCH(D246,Define!W:W)) -> 自己強化 | F246: 51 | G246: =INDEX([1]Animations!B:B,MATCH(F246,[1]Animations!A:A)) -> NA_Effekseer/NA_aura_001 | H246: 1 | I246: =INDEX(Define!B:B,MATCH(H246,Define!A:A)) -> 単体 | J246: 0 | K246: 0 | L246: 0 | M246: 2 | N246: =INDEX(Define!E:E,MATCH(M246,Define!D:D)) -> 雷 | O246: 5 | P246: =INDEX(Define!H:H,MATCH(O246,Define!G:G)) -> レリック | Q246: 2 | R246: =INDEX(Define!K:K,MATCH(Q246,Define!J:J)) -> 味方 | S246: 3 | T246: =INDEX(Define!N:N,MATCH(S246,Define!M:M)) -> 全体 | U246: 2 | V246: 1 | W246: 1 | X246: 0
A247: 310010 | B247: 310010 | C247: =INDEX(TextData!B:B,MATCH(B247,TextData!A:A)) -> 妖精の祈り | D247: 6 | E247: =INDEX(Define!X:X,MATCH(D247,Define!W:W)) -> 自己強化 | F247: 0 | H247: 1 | I247: =INDEX(Define!B:B,MATCH(H247,Define!A:A)) -> 単体 | J247: 0 | K247: 0 | L247: 220 | M247: 4 | N247: =INDEX(Define!E:E,MATCH(M247,Define!D:D)) -> 光 | O247: 5 | P247: =INDEX(Define!H:H,MATCH(O247,Define!G:G)) -> レリック | Q247: 2 | R247: =INDEX(Define!K:K,MATCH(Q247,Define!J:J)) -> 味方 | S247: 3 | T247: =INDEX(Define!N:N,MATCH(S247,Define!M:M)) -> 全体 | U247: 2 | V247: 1 | W247: 1 | X247: 0
A248: 310020 | B248: 310020 | C248: =INDEX(TextData!B:B,MATCH(B248,TextData!A:A)) -> 月のかけら | D248: 6 | E248: =INDEX(Define!X:X,MATCH(D248,Define!W:W)) -> 自己強化 | F248: 0 | H248: 1 | I248: =INDEX(Define!B:B,MATCH(H248,Define!A:A)) -> 単体 | J248: 0 | K248: 0 | L248: 220 | M248: 4 | N248: =INDEX(Define!E:E,MATCH(M248,Define!D:D)) -> 光 | O248: 5 | P248: =INDEX(Define!H:H,MATCH(O248,Define!G:G)) -> レリック | Q248: 2 | R248: =INDEX(Define!K:K,MATCH(Q248,Define!J:J)) -> 味方 | S248: 3 | T248: =INDEX(Define!N:N,MATCH(S248,Define!M:M)) -> 全体 | U248: 2 | V248: 1 | W248: 1 | X248: 0
A249: 310030 | B249: 310030 | C249: =INDEX(TextData!B:B,MATCH(B249,TextData!A:A)) -> 商売の才覚書 | D249: 6 | E249: =INDEX(Define!X:X,MATCH(D249,Define!W:W)) -> 自己強化 | F249: 0 | H249: 1 | I249: =INDEX(Define!B:B,MATCH(H249,Define!A:A)) -> 単体 | J249: 0 | K249: 0 | L249: 220 | M249: 4 | N249: =INDEX(Define!E:E,MATCH(M249,Define!D:D)) -> 光 | O249: 5 | P249: =INDEX(Define!H:H,MATCH(O249,Define!G:G)) -> レリック | Q249: 2 | R249: =INDEX(Define!K:K,MATCH(Q249,Define!J:J)) -> 味方 | S249: 1 | T249: =INDEX(Define!N:N,MATCH(S249,Define!M:M)) -> 単体 | U249: 2 | V249: 1 | W249: 1 | X249: 0
A250: 310040 | B250: 310040 | C250: =INDEX(TextData!B:B,MATCH(B250,TextData!A:A)) -> レイピッドブースト | D250: 6 | E250: =INDEX(Define!X:X,MATCH(D250,Define!W:W)) -> 自己強化 | F250: 51 | G250: =INDEX([1]Animations!B:B,MATCH(F250,[1]Animations!A:A)) -> NA_Effekseer/NA_aura_001 | H250: 1 | I250: =INDEX(Define!B:B,MATCH(H250,Define!A:A)) -> 単体 | J250: 0 | K250: 0 | L250: 220 | M250: 4 | N250: =INDEX(Define!E:E,MATCH(M250,Define!D:D)) -> 光 | O250: 5 | P250: =INDEX(Define!H:H,MATCH(O250,Define!G:G)) -> レリック | Q250: 2 | R250: =INDEX(Define!K:K,MATCH(Q250,Define!J:J)) -> 味方 | S250: 3 | T250: =INDEX(Define!N:N,MATCH(S250,Define!M:M)) -> 全体 | U250: 2 | V250: 1 | W250: 1 | X250: 0
A251: 310050 | B251: 310050 | C251: =INDEX(TextData!B:B,MATCH(B251,TextData!A:A)) -> 黄金の守護精霊 | D251: 6 | E251: =INDEX(Define!X:X,MATCH(D251,Define!W:W)) -> 自己強化 | F251: 0 | H251: 1 | I251: =INDEX(Define!B:B,MATCH(H251,Define!A:A)) -> 単体 | J251: 0 | K251: 0 | L251: 220 | M251: 4 | N251: =INDEX(Define!E:E,MATCH(M251,Define!D:D)) -> 光 | O251: 5 | P251: =INDEX(Define!H:H,MATCH(O251,Define!G:G)) -> レリック | Q251: 2 | R251: =INDEX(Define!K:K,MATCH(Q251,Define!J:J)) -> 味方 | S251: 3 | T251: =INDEX(Define!N:N,MATCH(S251,Define!M:M)) -> 全体 | U251: 2 | V251: 1 | W251: 1 | X251: 0
A252: 310060 | B252: 310060 | C252: =INDEX(TextData!B:B,MATCH(B252,TextData!A:A)) -> ヒスイの勾玉 | D252: 6 | E252: =INDEX(Define!X:X,MATCH(D252,Define!W:W)) -> 自己強化 | F252: 0 | H252: 1 | I252: =INDEX(Define!B:B,MATCH(H252,Define!A:A)) -> 単体 | J252: 0 | K252: 0 | L252: 220 | M252: 4 | N252: =INDEX(Define!E:E,MATCH(M252,Define!D:D)) -> 光 | O252: 5 | P252: =INDEX(Define!H:H,MATCH(O252,Define!G:G)) -> レリック | Q252: 2 | R252: =INDEX(Define!K:K,MATCH(Q252,Define!J:J)) -> 味方 | S252: 3 | T252: =INDEX(Define!N:N,MATCH(S252,Define!M:M)) -> 全体 | U252: 2 | V252: 1 | W252: 1 | X252: 0
A253: 310070 | B253: 310070 | C253: =INDEX(TextData!B:B,MATCH(B253,TextData!A:A)) -> 英傑の盾 | D253: 6 | E253: =INDEX(Define!X:X,MATCH(D253,Define!W:W)) -> 自己強化 | F253: 0 | H253: 1 | I253: =INDEX(Define!B:B,MATCH(H253,Define!A:A)) -> 単体 | J253: 0 | K253: 0 | L253: 220 | M253: 4 | N253: =INDEX(Define!E:E,MATCH(M253,Define!D:D)) -> 光 | O253: 5 | P253: =INDEX(Define!H:H,MATCH(O253,Define!G:G)) -> レリック | Q253: 2 | R253: =INDEX(Define!K:K,MATCH(Q253,Define!J:J)) -> 味方 | S253: 3 | T253: =INDEX(Define!N:N,MATCH(S253,Define!M:M)) -> 全体 | U253: 2 | V253: 1 | W253: 1 | X253: 0
A254: 310080 | B254: 310080 | C254: =INDEX(TextData!B:B,MATCH(B254,TextData!A:A)) -> 鷹の目 | D254: 6 | E254: =INDEX(Define!X:X,MATCH(D254,Define!W:W)) -> 自己強化 | F254: 0 | H254: 1 | I254: =INDEX(Define!B:B,MATCH(H254,Define!A:A)) -> 単体 | J254: 0 | K254: 0 | L254: 220 | M254: 4 | N254: =INDEX(Define!E:E,MATCH(M254,Define!D:D)) -> 光 | O254: 5 | P254: =INDEX(Define!H:H,MATCH(O254,Define!G:G)) -> レリック | Q254: 2 | R254: =INDEX(Define!K:K,MATCH(Q254,Define!J:J)) -> 味方 | S254: 3 | T254: =INDEX(Define!N:N,MATCH(S254,Define!M:M)) -> 全体 | U254: 2 | V254: 1 | W254: 1 | X254: 0
A255: 310090 | B255: 310090 | C255: =INDEX(TextData!B:B,MATCH(B255,TextData!A:A)) -> ラーニングピアス | D255: 6 | E255: =INDEX(Define!X:X,MATCH(D255,Define!W:W)) -> 自己強化 | F255: 0 | H255: 1 | I255: =INDEX(Define!B:B,MATCH(H255,Define!A:A)) -> 単体 | J255: 0 | K255: 0 | L255: 220 | M255: 4 | N255: =INDEX(Define!E:E,MATCH(M255,Define!D:D)) -> 光 | O255: 5 | P255: =INDEX(Define!H:H,MATCH(O255,Define!G:G)) -> レリック | Q255: 2 | R255: =INDEX(Define!K:K,MATCH(Q255,Define!J:J)) -> 味方 | S255: 3 | T255: =INDEX(Define!N:N,MATCH(S255,Define!M:M)) -> 全体 | U255: 2 | V255: 1 | W255: 1 | X255: 0
A256: 310100 | B256: 310100 | C256: =INDEX(TextData!B:B,MATCH(B256,TextData!A:A)) -> セブンズストーン | D256: 6 | E256: =INDEX(Define!X:X,MATCH(D256,Define!W:W)) -> 自己強化 | F256: 101 | G256: =INDEX([1]Animations!B:B,MATCH(F256,[1]Animations!A:A)) -> MakerEffect/FireOne1 | H256: 1 | I256: =INDEX(Define!B:B,MATCH(H256,Define!A:A)) -> 単体 | J256: 0 | K256: 0 | L256: 220 | M256: 4 | N256: =INDEX(Define!E:E,MATCH(M256,Define!D:D)) -> 光 | O256: 5 | P256: =INDEX(Define!H:H,MATCH(O256,Define!G:G)) -> レリック | Q256: 7 | R256: =INDEX(Define!K:K,MATCH(Q256,Define!J:J)) -> 追撃 | S256: 1 | T256: =INDEX(Define!N:N,MATCH(S256,Define!M:M)) -> 単体 | U256: 2 | V256: 1 | W256: 1 | X256: 0
A257: 310110 | B257: 310110 | C257: =INDEX(TextData!B:B,MATCH(B257,TextData!A:A)) -> ファーストトリック | D257: 6 | E257: =INDEX(Define!X:X,MATCH(D257,Define!W:W)) -> 自己強化 | F257: 51 | G257: =INDEX([1]Animations!B:B,MATCH(F257,[1]Animations!A:A)) -> NA_Effekseer/NA_aura_001 | H257: 1 | I257: =INDEX(Define!B:B,MATCH(H257,Define!A:A)) -> 単体 | J257: 0 | K257: 0 | L257: 220 | M257: 4 | N257: =INDEX(Define!E:E,MATCH(M257,Define!D:D)) -> 光 | O257: 5 | P257: =INDEX(Define!H:H,MATCH(O257,Define!G:G)) -> レリック | Q257: 2 | R257: =INDEX(Define!K:K,MATCH(Q257,Define!J:J)) -> 味方 | S257: 3 | T257: =INDEX(Define!N:N,MATCH(S257,Define!M:M)) -> 全体 | U257: 2 | V257: 1 | W257: 1 | X257: 0
A258: 310120 | B258: 310120 | C258: =INDEX(TextData!B:B,MATCH(B258,TextData!A:A)) -> リカバリーエンハンス | D258: 6 | E258: =INDEX(Define!X:X,MATCH(D258,Define!W:W)) -> 自己強化 | F258: 51 | G258: =INDEX([1]Animations!B:B,MATCH(F258,[1]Animations!A:A)) -> NA_Effekseer/NA_aura_001 | H258: 1 | I258: =INDEX(Define!B:B,MATCH(H258,Define!A:A)) -> 単体 | J258: 0 | K258: 0 | L258: 220 | M258: 4 | N258: =INDEX(Define!E:E,MATCH(M258,Define!D:D)) -> 光 | O258: 5 | P258: =INDEX(Define!H:H,MATCH(O258,Define!G:G)) -> レリック | Q258: 2 | R258: =INDEX(Define!K:K,MATCH(Q258,Define!J:J)) -> 味方 | S258: 3 | T258: =INDEX(Define!N:N,MATCH(S258,Define!M:M)) -> 全体 | U258: 2 | V258: 1 | W258: 1 | X258: 0
A259: 310130 | B259: 310130 | C259: =INDEX(TextData!B:B,MATCH(B259,TextData!A:A)) -> ヒールユニット | D259: 6 | E259: =INDEX(Define!X:X,MATCH(D259,Define!W:W)) -> 自己強化 | F259: 0 | H259: 1 | I259: =INDEX(Define!B:B,MATCH(H259,Define!A:A)) -> 単体 | J259: 0 | K259: 0 | L259: 220 | M259: 4 | N259: =INDEX(Define!E:E,MATCH(M259,Define!D:D)) -> 光 | O259: 5 | P259: =INDEX(Define!H:H,MATCH(O259,Define!G:G)) -> レリック | Q259: 2 | R259: =INDEX(Define!K:K,MATCH(Q259,Define!J:J)) -> 味方 | S259: 3 | T259: =INDEX(Define!N:N,MATCH(S259,Define!M:M)) -> 全体 | U259: 2 | V259: 1 | W259: 1 | X259: 0
A260: 320010 | B260: 320010 | C260: =INDEX(TextData!B:B,MATCH(B260,TextData!A:A)) -> 訓練所Lv1 | D260: 6 | E260: =INDEX(Define!X:X,MATCH(D260,Define!W:W)) -> 自己強化 | F260: 0 | H260: 1 | I260: =INDEX(Define!B:B,MATCH(H260,Define!A:A)) -> 単体 | J260: 0 | K260: 0 | L260: 0 | M260: 4 | N260: =INDEX(Define!E:E,MATCH(M260,Define!D:D)) -> 光 | O260: 8 | P260: =INDEX(Define!H:H,MATCH(O260,Define!G:G)) -> カインド | Q260: 2 | R260: =INDEX(Define!K:K,MATCH(Q260,Define!J:J)) -> 味方 | S260: 3 | T260: =INDEX(Define!N:N,MATCH(S260,Define!M:M)) -> 全体 | U260: 2 | V260: 1 | W260: 1 | X260: 0
A261: 320011 | B261: 320011 | C261: =INDEX(TextData!B:B,MATCH(B261,TextData!A:A)) -> 訓練所Lv2 | D261: 6 | E261: =INDEX(Define!X:X,MATCH(D261,Define!W:W)) -> 自己強化 | F261: 0 | H261: 1 | I261: =INDEX(Define!B:B,MATCH(H261,Define!A:A)) -> 単体 | J261: 0 | K261: 0 | L261: 0 | M261: 4 | N261: =INDEX(Define!E:E,MATCH(M261,Define!D:D)) -> 光 | O261: 8 | P261: =INDEX(Define!H:H,MATCH(O261,Define!G:G)) -> カインド | Q261: 2 | R261: =INDEX(Define!K:K,MATCH(Q261,Define!J:J)) -> 味方 | S261: 3 | T261: =INDEX(Define!N:N,MATCH(S261,Define!M:M)) -> 全体 | U261: 2 | V261: 1 | W261: 1 | X261: 0
A262: 320012 | B262: 320012 | C262: =INDEX(TextData!B:B,MATCH(B262,TextData!A:A)) -> 訓練所Lv3 | D262: 6 | E262: =INDEX(Define!X:X,MATCH(D262,Define!W:W)) -> 自己強化 | F262: 0 | H262: 1 | I262: =INDEX(Define!B:B,MATCH(H262,Define!A:A)) -> 単体 | J262: 0 | K262: 0 | L262: 0 | M262: 4 | N262: =INDEX(Define!E:E,MATCH(M262,Define!D:D)) -> 光 | O262: 8 | P262: =INDEX(Define!H:H,MATCH(O262,Define!G:G)) -> カインド | Q262: 2 | R262: =INDEX(Define!K:K,MATCH(Q262,Define!J:J)) -> 味方 | S262: 3 | T262: =INDEX(Define!N:N,MATCH(S262,Define!M:M)) -> 全体 | U262: 2 | V262: 1 | W262: 1 | X262: 0
A263: 320020 | B263: 320020 | C263: =INDEX(TextData!B:B,MATCH(B263,TextData!A:A)) -> 研究施設Lv1 | D263: 6 | E263: =INDEX(Define!X:X,MATCH(D263,Define!W:W)) -> 自己強化 | F263: 0 | H263: 1 | I263: =INDEX(Define!B:B,MATCH(H263,Define!A:A)) -> 単体 | J263: 0 | K263: 0 | L263: 0 | M263: 4 | N263: =INDEX(Define!E:E,MATCH(M263,Define!D:D)) -> 光 | O263: 8 | P263: =INDEX(Define!H:H,MATCH(O263,Define!G:G)) -> カインド | Q263: 4 | R263: =INDEX(Define!K:K,MATCH(Q263,Define!J:J)) -> 自身 | S263: 4 | T263: =INDEX(Define!N:N,MATCH(S263,Define!M:M)) -> 自身 | U263: 1 | V263: 1 | W263: 1 | X263: 0
A264: 320021 | B264: 320021 | C264: =INDEX(TextData!B:B,MATCH(B264,TextData!A:A)) -> 研究施設Lv2 | D264: 6 | E264: =INDEX(Define!X:X,MATCH(D264,Define!W:W)) -> 自己強化 | F264: 0 | H264: 1 | I264: =INDEX(Define!B:B,MATCH(H264,Define!A:A)) -> 単体 | J264: 0 | K264: 0 | L264: 0 | M264: 4 | N264: =INDEX(Define!E:E,MATCH(M264,Define!D:D)) -> 光 | O264: 8 | P264: =INDEX(Define!H:H,MATCH(O264,Define!G:G)) -> カインド | Q264: 4 | R264: =INDEX(Define!K:K,MATCH(Q264,Define!J:J)) -> 自身 | S264: 4 | T264: =INDEX(Define!N:N,MATCH(S264,Define!M:M)) -> 自身 | U264: 1 | V264: 1 | W264: 1 | X264: 0
A265: 320022 | B265: 320022 | C265: =INDEX(TextData!B:B,MATCH(B265,TextData!A:A)) -> 研究施設Lv3 | D265: 6 | E265: =INDEX(Define!X:X,MATCH(D265,Define!W:W)) -> 自己強化 | F265: 0 | H265: 1 | I265: =INDEX(Define!B:B,MATCH(H265,Define!A:A)) -> 単体 | J265: 0 | K265: 0 | L265: 0 | M265: 4 | N265: =INDEX(Define!E:E,MATCH(M265,Define!D:D)) -> 光 | O265: 8 | P265: =INDEX(Define!H:H,MATCH(O265,Define!G:G)) -> カインド | Q265: 4 | R265: =INDEX(Define!K:K,MATCH(Q265,Define!J:J)) -> 自身 | S265: 4 | T265: =INDEX(Define!N:N,MATCH(S265,Define!M:M)) -> 自身 | U265: 1 | V265: 1 | W265: 1 | X265: 0
A266: 320030 | B266: 320030 | C266: =INDEX(TextData!B:B,MATCH(B266,TextData!A:A)) -> 資料館Lv1 | D266: 6 | E266: =INDEX(Define!X:X,MATCH(D266,Define!W:W)) -> 自己強化 | F266: 0 | H266: 1 | I266: =INDEX(Define!B:B,MATCH(H266,Define!A:A)) -> 単体 | J266: 0 | K266: 0 | L266: 0 | M266: 4 | N266: =INDEX(Define!E:E,MATCH(M266,Define!D:D)) -> 光 | O266: 8 | P266: =INDEX(Define!H:H,MATCH(O266,Define!G:G)) -> カインド | Q266: 2 | R266: =INDEX(Define!K:K,MATCH(Q266,Define!J:J)) -> 味方 | S266: 3 | T266: =INDEX(Define!N:N,MATCH(S266,Define!M:M)) -> 全体 | U266: 2 | V266: 1 | W266: 1 | X266: 0
A267: 320031 | B267: 320031 | C267: =INDEX(TextData!B:B,MATCH(B267,TextData!A:A)) -> 資料館Lv2 | D267: 6 | E267: =INDEX(Define!X:X,MATCH(D267,Define!W:W)) -> 自己強化 | F267: 0 | H267: 1 | I267: =INDEX(Define!B:B,MATCH(H267,Define!A:A)) -> 単体 | J267: 0 | K267: 0 | L267: 0 | M267: 4 | N267: =INDEX(Define!E:E,MATCH(M267,Define!D:D)) -> 光 | O267: 8 | P267: =INDEX(Define!H:H,MATCH(O267,Define!G:G)) -> カインド | Q267: 2 | R267: =INDEX(Define!K:K,MATCH(Q267,Define!J:J)) -> 味方 | S267: 3 | T267: =INDEX(Define!N:N,MATCH(S267,Define!M:M)) -> 全体 | U267: 2 | V267: 1 | W267: 1 | X267: 0
A268: 320032 | B268: 320032 | C268: =INDEX(TextData!B:B,MATCH(B268,TextData!A:A)) -> 資料館Lv3 | D268: 6 | E268: =INDEX(Define!X:X,MATCH(D268,Define!W:W)) -> 自己強化 | F268: 0 | H268: 1 | I268: =INDEX(Define!B:B,MATCH(H268,Define!A:A)) -> 単体 | J268: 0 | K268: 0 | L268: 0 | M268: 4 | N268: =INDEX(Define!E:E,MATCH(M268,Define!D:D)) -> 光 | O268: 8 | P268: =INDEX(Define!H:H,MATCH(O268,Define!G:G)) -> カインド | Q268: 2 | R268: =INDEX(Define!K:K,MATCH(Q268,Define!J:J)) -> 味方 | S268: 3 | T268: =INDEX(Define!N:N,MATCH(S268,Define!M:M)) -> 全体 | U268: 2 | V268: 1 | W268: 1 | X268: 0
A269: 320040 | B269: 320040 | C269: =INDEX(TextData!B:B,MATCH(B269,TextData!A:A)) -> 潜伏技術Lv1 | D269: 6 | E269: =INDEX(Define!X:X,MATCH(D269,Define!W:W)) -> 自己強化 | F269: 0 | H269: 1 | I269: =INDEX(Define!B:B,MATCH(H269,Define!A:A)) -> 単体 | J269: 0 | K269: 0 | L269: 0 | M269: 4 | N269: =INDEX(Define!E:E,MATCH(M269,Define!D:D)) -> 光 | O269: 8 | P269: =INDEX(Define!H:H,MATCH(O269,Define!G:G)) -> カインド | Q269: 2 | R269: =INDEX(Define!K:K,MATCH(Q269,Define!J:J)) -> 味方 | S269: 3 | T269: =INDEX(Define!N:N,MATCH(S269,Define!M:M)) -> 全体 | U269: 2 | V269: 1 | W269: 1 | X269: 0
A270: 321010 | B270: 321010 | C270: =INDEX(TextData!B:B,MATCH(B270,TextData!A:A)) -> 炎の祭壇 | D270: 6 | E270: =INDEX(Define!X:X,MATCH(D270,Define!W:W)) -> 自己強化 | F270: 0 | H270: 1 | I270: =INDEX(Define!B:B,MATCH(H270,Define!A:A)) -> 単体 | J270: 0 | K270: 0 | L270: 0 | M270: 4 | N270: =INDEX(Define!E:E,MATCH(M270,Define!D:D)) -> 光 | O270: 8 | P270: =INDEX(Define!H:H,MATCH(O270,Define!G:G)) -> カインド | Q270: 2 | R270: =INDEX(Define!K:K,MATCH(Q270,Define!J:J)) -> 味方 | S270: 3 | T270: =INDEX(Define!N:N,MATCH(S270,Define!M:M)) -> 全体 | U270: 2 | V270: 1 | W270: 1 | X270: 0
... A278: 322040 | B278: 322040 | C278: =INDEX(TextData!B:B,MATCH(B278,TextData!A:A)) -> 詠唱技術Lv1 | D278: 6 | E278: =INDEX(Define!X:X,MATCH(D278,Define!W:W)) -> 自己強化 | F278: 0 | H278: 1 | I278: =INDEX(Define!B:B,MATCH(H278,Define!A:A)) -> 単体 | J278: 0 | K278: 0 | L278: 0 | M278: 4 | N278: =INDEX(Define!E:E,MATCH(M278,Define!D:D)) -> 光 | O278: 8 | P278: =INDEX(Define!H:H,MATCH(O278,Define!G:G)) -> カインド | Q278: 2 | R278: =INDEX(Define!K:K,MATCH(Q278,Define!J:J)) -> 味方 | S278: 3 | T278: =INDEX(Define!N:N,MATCH(S278,Define!M:M)) -> 全体 | U278: 2 | V278: 1 | W278: 1 | X278: 0
A279: 401010 | B279: 401010 | C279: =INDEX(TextData!B:B,MATCH(B279,TextData!A:A)) -> ファイアボール+ | D279: 1 | E279: =INDEX(Define!X:X,MATCH(D279,Define!W:W)) -> 元素 | F279: 101 | G279: =INDEX([1]Animations!B:B,MATCH(F279,[1]Animations!A:A)) -> MakerEffect/FireOne1 | H279: 1 | I279: =INDEX(Define!B:B,MATCH(H279,Define!A:A)) -> 単体 | J279: 0 | K279: 0 | L279: 0 | M279: 1 | N279: =INDEX(Define!E:E,MATCH(M279,Define!D:D)) -> 炎 | O279: 6 | P279: =INDEX(Define!H:H,MATCH(O279,Define!G:G)) -> 強化 | Q279: 4 | R279: =INDEX(Define!K:K,MATCH(Q279,Define!J:J)) -> 自身 | S279: 4 | T279: =INDEX(Define!N:N,MATCH(S279,Define!M:M)) -> 自身 | U279: 1 | V279: 1 | W279: 1 | X279: 0
A280: 401020 | B280: 401020 | C280: =INDEX(TextData!B:B,MATCH(B280,TextData!A:A)) -> バーンストーム+ | D280: 1 | E280: =INDEX(Define!X:X,MATCH(D280,Define!W:W)) -> 元素 | F280: 101 | G280: =INDEX([1]Animations!B:B,MATCH(F280,[1]Animations!A:A)) -> MakerEffect/FireOne1 | H280: 2 | I280: =INDEX(Define!B:B,MATCH(H280,Define!A:A)) -> 列 | J280: 0 | K280: 0 | L280: 0 | M280: 1 | N280: =INDEX(Define!E:E,MATCH(M280,Define!D:D)) -> 炎 | O280: 6 | P280: =INDEX(Define!H:H,MATCH(O280,Define!G:G)) -> 強化 | Q280: 4 | R280: =INDEX(Define!K:K,MATCH(Q280,Define!J:J)) -> 自身 | S280: 4 | T280: =INDEX(Define!N:N,MATCH(S280,Define!M:M)) -> 自身 | U280: 1 | V280: 1 | W280: 1 | X280: 0
A281: 401030 | B281: 401030 | C281: =INDEX(TextData!B:B,MATCH(B281,TextData!A:A)) -> ヒートスタンプ+ | D281: 2 | E281: =INDEX(Define!X:X,MATCH(D281,Define!W:W)) -> 光 | F281: 21 | G281: =INDEX([1]Animations!B:B,MATCH(F281,[1]Animations!A:A)) -> tktk01/Magic2 | H281: 1 | I281: =INDEX(Define!B:B,MATCH(H281,Define!A:A)) -> 単体 | J281: 0 | K281: 0 | L281: 0 | M281: 1 | N281: =INDEX(Define!E:E,MATCH(M281,Define!D:D)) -> 炎 | O281: 6 | P281: =INDEX(Define!H:H,MATCH(O281,Define!G:G)) -> 強化 | Q281: 4 | R281: =INDEX(Define!K:K,MATCH(Q281,Define!J:J)) -> 自身 | S281: 4 | T281: =INDEX(Define!N:N,MATCH(S281,Define!M:M)) -> 自身 | U281: 1 | V281: 1 | W281: 1 | X281: 0
A282: 401040 | B282: 401040 | C282: =INDEX(TextData!B:B,MATCH(B282,TextData!A:A)) -> ソードアダプト+ | D282: 4 | E282: =INDEX(Define!X:X,MATCH(D282,Define!W:W)) -> 精神 | F282: 51 | G282: =INDEX([1]Animations!B:B,MATCH(F282,[1]Animations!A:A)) -> NA_Effekseer/NA_aura_001 | H282: 1 | I282: =INDEX(Define!B:B,MATCH(H282,Define!A:A)) -> 単体 | J282: 0 | K282: 0 | L282: 0 | M282: 1 | N282: =INDEX(Define!E:E,MATCH(M282,Define!D:D)) -> 炎 | O282: 6 | P282: =INDEX(Define!H:H,MATCH(O282,Define!G:G)) -> 強化 | Q282: 4 | R282: =INDEX(Define!K:K,MATCH(Q282,Define!J:J)) -> 自身 | S282: 4 | T282: =INDEX(Define!N:N,MATCH(S282,Define!M:M)) -> 自身 | U282: 1 | V282: 1 | W282: 1 | X282: 0
A283: 401050 | B283: 401050 | C283: =INDEX(TextData!B:B,MATCH(B283,TextData!A:A)) -> フレイムレイン+ | D283: 1 | E283: =INDEX(Define!X:X,MATCH(D283,Define!W:W)) -> 元素 | F283: 101 | G283: =INDEX([1]Animations!B:B,MATCH(F283,[1]Animations!A:A)) -> MakerEffect/FireOne1 | H283: 1 | I283: =INDEX(Define!B:B,MATCH(H283,Define!A:A)) -> 単体 | J283: 0 | K283: 0 | L283: 0 | M283: 1 | N283: =INDEX(Define!E:E,MATCH(M283,Define!D:D)) -> 炎 | O283: 6 | P283: =INDEX(Define!H:H,MATCH(O283,Define!G:G)) -> 強化 | Q283: 4 | R283: =INDEX(Define!K:K,MATCH(Q283,Define!J:J)) -> 自身 | S283: 4 | T283: =INDEX(Define!N:N,MATCH(S283,Define!M:M)) -> 自身 | U283: 1 | V283: 1 | W283: 1 | X283: 0
A284: 401060 | B284: 401060 | C284: =INDEX(TextData!B:B,MATCH(B284,TextData!A:A)) -> イクスティンクション+ | D284: 1 | E284: =INDEX(Define!X:X,MATCH(D284,Define!W:W)) -> 元素 | F284: 101 | G284: =INDEX([1]Animations!B:B,MATCH(F284,[1]Animations!A:A)) -> MakerEffect/FireOne1 | H284: 1 | I284: =INDEX(Define!B:B,MATCH(H284,Define!A:A)) -> 単体 | J284: 0 | K284: 0 | L284: 0 | M284: 1 | N284: =INDEX(Define!E:E,MATCH(M284,Define!D:D)) -> 炎 | O284: 6 | P284: =INDEX(Define!H:H,MATCH(O284,Define!G:G)) -> 強化 | Q284: 4 | R284: =INDEX(Define!K:K,MATCH(Q284,Define!J:J)) -> 自身 | S284: 4 | T284: =INDEX(Define!N:N,MATCH(S284,Define!M:M)) -> 自身 | U284: 1 | V284: 1 | W284: 1 | X284: 0
A285: 401070 | B285: 401070 | C285: =INDEX(TextData!B:B,MATCH(B285,TextData!A:A)) -> バーニングソウル+ | D285: 2 | E285: =INDEX(Define!X:X,MATCH(D285,Define!W:W)) -> 光 | F285: 101 | G285: =INDEX([1]Animations!B:B,MATCH(F285,[1]Animations!A:A)) -> MakerEffect/FireOne1 | H285: 1 | I285: =INDEX(Define!B:B,MATCH(H285,Define!A:A)) -> 単体 | J285: 0 | K285: 0 | L285: 0 | M285: 1 | N285: =INDEX(Define!E:E,MATCH(M285,Define!D:D)) -> 炎 | O285: 6 | P285: =INDEX(Define!H:H,MATCH(O285,Define!G:G)) -> 強化 | Q285: 4 | R285: =INDEX(Define!K:K,MATCH(Q285,Define!J:J)) -> 自身 | S285: 4 | T285: =INDEX(Define!N:N,MATCH(S285,Define!M:M)) -> 自身 | U285: 1 | V285: 1 | W285: 1 | X285: 0
A286: 401080 | B286: 401080 | C286: =INDEX(TextData!B:B,MATCH(B286,TextData!A:A)) -> レイジングバウンサー+ | D286: 1 | E286: =INDEX(Define!X:X,MATCH(D286,Define!W:W)) -> 元素 | F286: 51 | G286: =INDEX([1]Animations!B:B,MATCH(F286,[1]Animations!A:A)) -> NA_Effekseer/NA_aura_001 | H286: 1 | I286: =INDEX(Define!B:B,MATCH(H286,Define!A:A)) -> 単体 | J286: 0 | K286: 0 | L286: 0 | M286: 1 | N286: =INDEX(Define!E:E,MATCH(M286,Define!D:D)) -> 炎 | O286: 6 | P286: =INDEX(Define!H:H,MATCH(O286,Define!G:G)) -> 強化 | Q286: 4 | R286: =INDEX(Define!K:K,MATCH(Q286,Define!J:J)) -> 自身 | S286: 4 | T286: =INDEX(Define!N:N,MATCH(S286,Define!M:M)) -> 自身 | U286: 1 | V286: 1 | W286: 1 | X286: 0
A287: 402010 | B287: 402010 | C287: =INDEX(TextData!B:B,MATCH(B287,TextData!A:A)) -> ディスチャージ+ | D287: 1 | E287: =INDEX(Define!X:X,MATCH(D287,Define!W:W)) -> 元素 | F287: 201 | G287: =INDEX([1]Animations!B:B,MATCH(F287,[1]Animations!A:A)) -> MakerEffect/ThunderOne1 | H287: 1 | I287: =INDEX(Define!B:B,MATCH(H287,Define!A:A)) -> 単体 | J287: 0 | K287: 0 | L287: 0 | M287: 2 | N287: =INDEX(Define!E:E,MATCH(M287,Define!D:D)) -> 雷 | O287: 6 | P287: =INDEX(Define!H:H,MATCH(O287,Define!G:G)) -> 強化 | Q287: 4 | R287: =INDEX(Define!K:K,MATCH(Q287,Define!J:J)) -> 自身 | S287: 4 | T287: =INDEX(Define!N:N,MATCH(S287,Define!M:M)) -> 自身 | U287: 1 | V287: 1 | W287: 1 | X287: 0
...

Sheet Features
A1: SkillId | B1: _ | C1: FeatureType | D1: _ | E1: Param1 | F1: Param2 | G1: Param3 | H1: Rate
A2: 2 | B2: =INDEX(TextData!B:B,MATCH(A2,TextData!A:A)) -> はずす | C2: 1010 | D2: =INDEX(Define!Q:Q,MATCH(C2,Define!P:P)) -> Hpダメージ | E2: 50 | F2: 0 | G2: 0 | H2: 100
A3: 11 | B3: =INDEX(TextData!B:B,MATCH(A3,TextData!A:A)) -> 覚醒 | C3: 3010 | D3: =INDEX(Define!Q:Q,MATCH(C3,Define!P:P)) -> ステート付与 | E3: 1010 | F3: 0 | G3: 10 | H3: 100 | I3: =INDEX([2]TextData!B:B,MATCH(E3,[2]TextData!A:A)) -> 覚醒
A4: 21 | B4: =INDEX(TextData!B:B,MATCH(A4,TextData!A:A)) -> 覚醒解除 | C4: 0 | D4: =INDEX(Define!Q:Q,MATCH(C4,Define!P:P)) -> ない | E4: 0 | F4: 0 | G4: 0 | H4: 100 | I4: =INDEX([2]TextData!B:B,MATCH(E4,[2]TextData!A:A)) -> #N/A
A5: 31 | B5: =INDEX(TextData!B:B,MATCH(A5,TextData!A:A)) -> 拘束制御 | C5: 1050 | D5: =INDEX(Define!Q:Q,MATCH(C5,Define!P:P)) -> 効果無視Hpダメージ | E5: 100 | F5: 0 | G5: 0 | H5: 100
A6: 31 | B6: =INDEX(TextData!B:B,MATCH(A6,TextData!A:A)) -> 拘束制御 | C6: 3020 | D6: =INDEX(Define!Q:Q,MATCH(C6,Define!P:P)) -> ステート解除 | E6: 2020 | F6: 0 | G6: 0 | H6: 100 | I6: =INDEX([2]TextData!B:B,MATCH(E6,[2]TextData!A:A)) -> 暗闇
A7: 32 | B7: =INDEX(TextData!B:B,MATCH(A7,TextData!A:A)) -> 拘束ダメージ解除 | C7: 3020 | D7: =INDEX(Define!Q:Q,MATCH(C7,Define!P:P)) -> ステート解除 | E7: 2021 | F7: 0 | G7: 0 | H7: 100 | I7: =INDEX([2]TextData!B:B,MATCH(E7,[2]TextData!A:A)) -> 暗闇
A8: 33 | B8: =INDEX(TextData!B:B,MATCH(A8,TextData!A:A)) -> 居合 | C8: 1010 | D8: =INDEX(Define!Q:Q,MATCH(C8,Define!P:P)) -> Hpダメージ | E8: 150 | F8: 0 | G8: 0 | H8: 100
A9: 33 | B9: =INDEX(TextData!B:B,MATCH(A9,TextData!A:A)) -> 居合 | C9: 5030 | D9: =INDEX(Define!Q:Q,MATCH(C9,Define!P:P)) -> 再行動する | E9: 0 | F9: 0 | G9: 0 | H9: 100
A10: 41 | B10: =INDEX(TextData!B:B,MATCH(A10,TextData!A:A)) -> 居合 | C10: 40090 | D10: =INDEX(Define!Q:Q,MATCH(C10,Define!P:P)) -> 装備スロット増加 | E10: 0 | F10: 0 | G10: 0 | H10: 100
A11: 1010 | B11: =INDEX(TextData!B:B,MATCH(A11,TextData!A:A)) -> ファイアボール | C11: 1010 | D11: =INDEX(Define!Q:Q,MATCH(C11,Define!P:P)) -> Hpダメージ | E11: 100 | F11: 0 | G11: 0 | H11: 100
A12: 1020 | B12: =INDEX(TextData!B:B,MATCH(A12,TextData!A:A)) -> フレイムクラッシュ | C12: 1010 | D12: =INDEX(Define!Q:Q,MATCH(C12,Define!P:P)) -> Hpダメージ | E12: 100 | F12: 0 | G12: 0 | H12: 100
A13: 1020 | B13: =INDEX(TextData!B:B,MATCH(A13,TextData!A:A)) -> フレイムクラッシュ | C13: 3010 | D13: =INDEX(Define!Q:Q,MATCH(C13,Define!P:P)) -> ステート付与 | E13: 1053 | F13: 2 | G13: 20 | H13: 100
A14: 1030 | B14: =INDEX(TextData!B:B,MATCH(A14,TextData!A:A)) -> ブレイクウォール | C14: 1100 | D14: =INDEX(Define!Q:Q,MATCH(C14,Define!P:P)) -> Hp貫通ダメージ、Param2でKind指定可 | E14: 100 | F14: 2 | G14: 100 | H14: 100
A15: 1040 | B15: =INDEX(TextData!B:B,MATCH(A15,TextData!A:A)) -> フィニッシュスタブ | C15: 1010 | D15: =INDEX(Define!Q:Q,MATCH(C15,Define!P:P)) -> Hpダメージ | E15: 100 | F15: 0 | G15: 0 | H15: 100
A16: 1040 | B16: =INDEX(TextData!B:B,MATCH(A16,TextData!A:A)) -> フィニッシュスタブ | C16: 7020 | D16: =INDEX(Define!Q:Q,MATCH(C16,Define!P:P)) -> 行動後条件付きスキル | E16: 2061 | F16: 0 | G16: 0 | H16: 100
A17: 1040 | B17: =INDEX(TextData!B:B,MATCH(A17,TextData!A:A)) -> フィニッシュスタブ | C17: 3010 | D17: =INDEX(Define!Q:Q,MATCH(C17,Define!P:P)) -> ステート付与 | E17: 1042 | F17: 1 | G17: 30 | H17: 100
A18: 1050 | B18: =INDEX(TextData!B:B,MATCH(A18,TextData!A:A)) -> フレイムレイン | C18: 1010 | D18: =INDEX(Define!Q:Q,MATCH(C18,Define!P:P)) -> Hpダメージ | E18: 40 | F18: 0 | G18: 0 | H18: 100
A19: 1070 | B19: =INDEX(TextData!B:B,MATCH(A19,TextData!A:A)) -> バーニングソウル | C19: 3060 | D19: =INDEX(Define!Q:Q,MATCH(C19,Define!P:P)) -> デバフステート解除 | E19: 0 | F19: 0 | G19: 0 | H19: 100
A20: 1080 | B20: =INDEX(TextData!B:B,MATCH(A20,TextData!A:A)) -> レイジングバウンサー | C20: 3040 | D20: =INDEX(Define!Q:Q,MATCH(C20,Define!P:P)) -> 次の行動まで有効なステート付与 | E20: 1070 | F20: 2 | G20: 30 | H20: 100 | I20: 会心率アップ
A21: 1080 | B21: =INDEX(TextData!B:B,MATCH(A21,TextData!A:A)) -> レイジングバウンサー | C21: 5030 | D21: =INDEX(Define!Q:Q,MATCH(C21,Define!P:P)) -> 再行動する | E21: 0 | F21: 0 | G21: 0 | H21: 100
A22: 1110 | B22: =INDEX(TextData!B:B,MATCH(A22,TextData!A:A)) -> バーンストーム | C22: 1010 | D22: =INDEX(Define!Q:Q,MATCH(C22,Define!P:P)) -> Hpダメージ | E22: 80 | F22: 0 | G22: 0 | H22: 100
A23: 1110 | B23: =INDEX(TextData!B:B,MATCH(A23,TextData!A:A)) -> バーンストーム | C23: 3010 | D23: =INDEX(Define!Q:Q,MATCH(C23,Define!P:P)) -> ステート付与 | E23: 1053 | F23: 2 | G23: 15 | H23: 100
A24: 1120 | B24: =INDEX(TextData!B:B,MATCH(A24,TextData!A:A)) -> イクスティンクション | C24: 1010 | D24: =INDEX(Define!Q:Q,MATCH(C24,Define!P:P)) -> Hpダメージ | E24: 200 | F24: 0 | G24: 0 | H24: 100
A25: 1930 | B25: =INDEX(TextData!B:B,MATCH(A25,TextData!A:A)) -> ヒートスタンプ | C25: 4020 | D25: =INDEX(Define!Q:Q,MATCH(C25,Define!P:P)) -> Ct回復 | E25: 1 | F25: 0 | G25: 0 | H25: 100
A26: 1940 | B26: =INDEX(TextData!B:B,MATCH(A26,TextData!A:A)) -> ソードアダプト | C26: 3010 | D26: =INDEX(Define!Q:Q,MATCH(C26,Define!P:P)) -> ステート付与 | E26: 2290 | F26: 999 | G26: 10 | H26: 100 | I26: ダメージ威力アップ
A27: 2010 | B27: =INDEX(TextData!B:B,MATCH(A27,TextData!A:A)) -> ディスチャージ | C27: 1010 | D27: =INDEX(Define!Q:Q,MATCH(C27,Define!P:P)) -> Hpダメージ | E27: 100 | F27: 0 | G27: 0 | H27: 100
A28: 2020 | B28: =INDEX(TextData!B:B,MATCH(A28,TextData!A:A)) -> シャープエッジ | C28: 1120 | D28: =INDEX(Define!Q:Q,MATCH(C28,Define!P:P)) -> 会心率ありHpダメージ | E28: 100 | F28: 50 | G28: 0 | H28: 100
A29: 2030 | B29: =INDEX(TextData!B:B,MATCH(A29,TextData!A:A)) -> ロングスラスト | C29: 1010 | D29: =INDEX(Define!Q:Q,MATCH(C29,Define!P:P)) -> Hpダメージ | E29: 100 | F29: 0 | G29: 0 | H29: 100
A30: 2040 | B30: =INDEX(TextData!B:B,MATCH(A30,TextData!A:A)) -> スパイラルソード | C30: 1010 | D30: =INDEX(Define!Q:Q,MATCH(C30,Define!P:P)) -> Hpダメージ | E30: 100 | F30: 0 | G30: 0 | H30: 100
A31: 2040 | B31: =INDEX(TextData!B:B,MATCH(A31,TextData!A:A)) -> スパイラルソード | C31: 3010 | D31: =INDEX(Define!Q:Q,MATCH(C31,Define!P:P)) -> ステート付与 | E31: 1090 | F31: 2 | G31: -20 | H31: 100
A32: 2040 | B32: =INDEX(TextData!B:B,MATCH(A32,TextData!A:A)) -> スパイラルソード | C32: 7010 | D32: =INDEX(Define!Q:Q,MATCH(C32,Define!P:P)) -> 行動後スキル | E32: 2041 | F32: 0 | G32: 0 | H32: 100
A33: 2041 | B33: =INDEX(TextData!B:B,MATCH(A33,TextData!A:A)) -> スパイラルソード | C33: 3010 | D33: =INDEX(Define!Q:Q,MATCH(C33,Define!P:P)) -> ステート付与 | E33: 1090 | F33: 2 | G33: 20 | H33: 100
A34: 2050 | B34: =INDEX(TextData!B:B,MATCH(A34,TextData!A:A)) -> スペルバニシング | C34: 1010 | D34: =INDEX(Define!Q:Q,MATCH(C34,Define!P:P)) -> Hpダメージ | E34: 100 | F34: 0 | G34: 0 | H34: 100
A35: 2050 | B35: =INDEX(TextData!B:B,MATCH(A35,TextData!A:A)) -> スペルバニシング | C35: 3010 | D35: =INDEX(Define!Q:Q,MATCH(C35,Define!P:P)) -> ステート付与 | E35: 2320 | F35: 0 | G35: 0 | H35: 100 | I35: バフ解除
A36: 2060 | B36: =INDEX(TextData!B:B,MATCH(A36,TextData!A:A)) -> アーテニーストライク | C36: 1010 | D36: =INDEX(Define!Q:Q,MATCH(C36,Define!P:P)) -> Hpダメージ | E36: 100 | F36: 0 | G36: 0 | H36: 100
A37: 2060 | B37: =INDEX(TextData!B:B,MATCH(A37,TextData!A:A)) -> アーテニーストライク | C37: 11010 | D37: =INDEX(Define!Q:Q,MATCH(C37,Define!P:P)) -> 命中判定しない | E37: 0 | F37: 0 | G37: 0 | H37: 100
A38: 2060 | B38: =INDEX(TextData!B:B,MATCH(A38,TextData!A:A)) -> アーテニーストライク | C38: 7020 | D38: =INDEX(Define!Q:Q,MATCH(C38,Define!P:P)) -> 行動後条件付きスキル | E38: 2061 | F38: 0 | G38: 0 | H38: 100
A39: 2060 | B39: =INDEX(TextData!B:B,MATCH(A39,TextData!A:A)) -> アーテニーストライク | C39: 5011 | D39: =INDEX(Define!Q:Q,MATCH(C39,Define!P:P)) -> 行動後ApがParam1割 | E39: 50 | F39: 0 | G39: 0 | H39: 100
A40: 2061 | B40: =INDEX(TextData!B:B,MATCH(A40,TextData!A:A)) -> アーテニーストライク | C40: 4020 | D40: =INDEX(Define!Q:Q,MATCH(C40,Define!P:P)) -> Ct回復 | E40: 2 | F40: 0 | G40: 0 | H40: 100
A41: 2070 | B41: =INDEX(TextData!B:B,MATCH(A41,TextData!A:A)) -> コンセントレイト | C41: 3040 | D41: =INDEX(Define!Q:Q,MATCH(C41,Define!P:P)) -> 次の行動まで有効なステート付与 | E41: 1080 | F41: 1 | G41: 25 | H41: 100 | I41: 命中アップ
A42: 2070 | B42: =INDEX(TextData!B:B,MATCH(A42,TextData!A:A)) -> コンセントレイト | C42: 3040 | D42: =INDEX(Define!Q:Q,MATCH(C42,Define!P:P)) -> 次の行動まで有効なステート付与 | E42: 1090 | F42: 1 | G42: 25 | H42: 100 | I42: 回避アップ
A43: 2070 | B43: =INDEX(TextData!B:B,MATCH(A43,TextData!A:A)) -> コンセントレイト | C43: 5030 | D43: =INDEX(Define!Q:Q,MATCH(C43,Define!P:P)) -> 再行動する | E43: 0 | F43: 0 | G43: 0 | H43: 100
A44: 2080 | B44: =INDEX(TextData!B:B,MATCH(A44,TextData!A:A)) -> ディレイマジック | C44: 1010 | D44: =INDEX(Define!Q:Q,MATCH(C44,Define!P:P)) -> Hpダメージ | E44: 100 | F44: 0 | G44: 0 | H44: 100
A45: 2080 | B45: =INDEX(TextData!B:B,MATCH(A45,TextData!A:A)) -> ディレイマジック | C45: 4010 | D45: =INDEX(Define!Q:Q,MATCH(C45,Define!P:P)) -> Ctダメージ | E45: 1 | F45: 0 | G45: 0 | H45: 100
A46: 2110 | B46: =INDEX(TextData!B:B,MATCH(A46,TextData!A:A)) -> ショックインパルス | C46: 1010 | D46: =INDEX(Define!Q:Q,MATCH(C46,Define!P:P)) -> Hpダメージ | E46: 100 | F46: 0 | G46: 0 | H46: 100
A47: 2110 | B47: =INDEX(TextData!B:B,MATCH(A47,TextData!A:A)) -> ショックインパルス | C47: 3010 | D47: =INDEX(Define!Q:Q,MATCH(C47,Define!P:P)) -> ステート付与 | E47: 2150 | F47: 100 | G47: 0 | H47: 100 | I47: スタン
A48: 2120 | B48: =INDEX(TextData!B:B,MATCH(A48,TextData!A:A)) -> インペイル | C48: 1010 | D48: =INDEX(Define!Q:Q,MATCH(C48,Define!P:P)) -> Hpダメージ | E48: 100 | F48: 0 | G48: 0 | H48: 100
A49: 2120 | B49: =INDEX(TextData!B:B,MATCH(A49,TextData!A:A)) -> インペイル | C49: 7020 | D49: =INDEX(Define!Q:Q,MATCH(C49,Define!P:P)) -> 行動後条件付きスキル | E49: 2061 | F49: 0 | G49: 0 | H49: 100
A50: 2120 | B50: =INDEX(TextData!B:B,MATCH(A50,TextData!A:A)) -> インペイル | C50: 5011 | D50: =INDEX(Define!Q:Q,MATCH(C50,Define!P:P)) -> 行動後ApがParam1割 | E50: 50 | F50: 0 | G50: 0 | H50: 100
A51: 2920 | B51: =INDEX(TextData!B:B,MATCH(A51,TextData!A:A)) -> イベイドコード | C51: 3010 | D51: =INDEX(Define!Q:Q,MATCH(C51,Define!P:P)) -> ステート付与 | E51: 1090 | F51: 999 | G51: 15 | H51: 100 | I51: 回避アップ
A52: 2940 | B52: =INDEX(TextData!B:B,MATCH(A52,TextData!A:A)) -> トラストチェイン | C52: 5020 | D52: =INDEX(Define!Q:Q,MATCH(C52,Define!P:P)) -> Ap回復 | E52: 400 | F52: 0 | G52: 0 | H52: 100
A53: 3010 | B53: =INDEX(TextData!B:B,MATCH(A53,TextData!A:A)) -> アイスブレイド | C53: 1010 | D53: =INDEX(Define!Q:Q,MATCH(C53,Define!P:P)) -> Hpダメージ | E53: 100 | F53: 0 | G53: 0 | H53: 100
A54: 3020 | B54: =INDEX(TextData!B:B,MATCH(A54,TextData!A:A)) -> シールドバッシュ | C54: 1010 | D54: =INDEX(Define!Q:Q,MATCH(C54,Define!P:P)) -> Hpダメージ | E54: 100 | F54: 0 | G54: 0 | H54: 100
A55: 3020 | B55: =INDEX(TextData!B:B,MATCH(A55,TextData!A:A)) -> シールドバッシュ | C55: 3010 | D55: =INDEX(Define!Q:Q,MATCH(C55,Define!P:P)) -> ステート付与 | E55: 1052 | F55: 2 | G55: 20 | H55: 100
A56: 3030 | B56: =INDEX(TextData!B:B,MATCH(A56,TextData!A:A)) -> フレンジー | C56: 1130 | D56: =INDEX(Define!Q:Q,MATCH(C56,Define!P:P)) -> Hpダメージ。残りHpParam2以下%でダメージ+Param3 | E56: 100 | F56: 50 | G56: 50 | H56: 100
A57: 3040 | B57: =INDEX(TextData!B:B,MATCH(A57,TextData!A:A)) -> スカルブレイカー | C57: 1010 | D57: =INDEX(Define!Q:Q,MATCH(C57,Define!P:P)) -> Hpダメージ | E57: 100 | F57: 0 | G57: 0 | H57: 100
A58: 3040 | B58: =INDEX(TextData!B:B,MATCH(A58,TextData!A:A)) -> スカルブレイカー | C58: 8030 | D58: =INDEX(Define!Q:Q,MATCH(C58,Define!P:P)) -> かばう判定無効 | E58: 0 | F58: 0 | G58: 0 | H58: 100
A59: 3050 | B59: =INDEX(TextData!B:B,MATCH(A59,TextData!A:A)) -> ディープフリーズ | C59: 3010 | D59: =INDEX(Define!Q:Q,MATCH(C59,Define!P:P)) -> ステート付与 | E59: 2140 | F59: 1 | G59: 25 | H59: 100 | I59: 凍結
A60: 3060 | B60: =INDEX(TextData!B:B,MATCH(A60,TextData!A:A)) -> バブルブロウ | C60: 1010 | D60: =INDEX(Define!Q:Q,MATCH(C60,Define!P:P)) -> Hpダメージ | E60: 100 | F60: 0 | G60: 0 | H60: 100
A61: 3060 | B61: =INDEX(TextData!B:B,MATCH(A61,TextData!A:A)) -> バブルブロウ | C61: 3010 | D61: =INDEX(Define!Q:Q,MATCH(C61,Define!P:P)) -> ステート付与 | E61: 1051 | F61: 2 | G61: 8 | H61: 100 | I61: 防御ダウン
A62: 3070 | B62: =INDEX(TextData!B:B,MATCH(A62,TextData!A:A)) -> アクアミラージュ | C62: 3010 | D62: =INDEX(Define!Q:Q,MATCH(C62,Define!P:P)) -> ステート付与 | E62: 2050 | F62: 1 | G62: 0 | H62: 100 | I62: 攻撃無効
A63: 3080 | B63: =INDEX(TextData!B:B,MATCH(A63,TextData!A:A)) -> フロストシールド | C63: 3010 | D63: =INDEX(Define!Q:Q,MATCH(C63,Define!P:P)) -> ステート付与 | E63: 2410 | F63: 2 | G63: 20 | H63: 100 | I63: シールド
A64: 3110 | B64: =INDEX(TextData!B:B,MATCH(A64,TextData!A:A)) -> ポイズン | C64: 1010 | D64: =INDEX(Define!Q:Q,MATCH(C64,Define!P:P)) -> Hpダメージ | E64: 100 | F64: 0 | G64: 0 | H64: 100
A65: 3110 | B65: =INDEX(TextData!B:B,MATCH(A65,TextData!A:A)) -> ポイズン | C65: 3010 | D65: =INDEX(Define!Q:Q,MATCH(C65,Define!P:P)) -> ステート付与 | E65: 2010 | F65: 2 | G65: 10 | H65: 100 | I65: 毒
A66: 3120 | B66: =INDEX(TextData!B:B,MATCH(A66,TextData!A:A)) -> カウンターオーラ | C66: 3010 | D66: =INDEX(Define!Q:Q,MATCH(C66,Define!P:P)) -> ステート付与 | E66: 2030 | F66: 2 | G66: 25 | H66: 100 | I66: カウンタ
A67: 3130 | B67: =INDEX(TextData!B:B,MATCH(A67,TextData!A:A)) -> アクアウォール | C67: 3010 | D67: =INDEX(Define!Q:Q,MATCH(C67,Define!P:P)) -> ステート付与 | E67: 2050 | F67: 1 | G67: 0 | H67: 100 | I67: 攻撃無効
A68: 3930 | B68: =INDEX(TextData!B:B,MATCH(A68,TextData!A:A)) -> ラインプロテクト | C68: 3010 | D68: =INDEX(Define!Q:Q,MATCH(C68,Define!P:P)) -> ステート付与 | E68: 1050 | F68: 4 | G68: 10 | H68: 100 | I68: 防御アップ
A69: 3940 | B69: =INDEX(TextData!B:B,MATCH(A69,TextData!A:A)) -> エスコートソール | C69: 3010 | D69: =INDEX(Define!Q:Q,MATCH(C69,Define!P:P)) -> ステート付与 | E69: 2130 | F69: 1 | G69: 25 | H69: 100 | I69: 挑発
A70: 4010 | B70: =INDEX(TextData!B:B,MATCH(A70,TextData!A:A)) -> セイントレーザー | C70: 1010 | D70: =INDEX(Define!Q:Q,MATCH(C70,Define!P:P)) -> Hpダメージ | E70: 100 | F70: 0 | G70: 0 | H70: 100
A71: 4020 | B71: =INDEX(TextData!B:B,MATCH(A71,TextData!A:A)) -> ペネトレイト | C71: 1010 | D71: =INDEX(Define!Q:Q,MATCH(C71,Define!P:P)) -> Hpダメージ | E71: 100 | F71: 0 | G71: 0 | H71: 100
A72: 4030 | B72: =INDEX(TextData!B:B,MATCH(A72,TextData!A:A)) -> ヒーリング | C72: 2010 | D72: =INDEX(Define!Q:Q,MATCH(C72,Define!P:P)) -> Hp回復 | E72: 15 | F72: 0 | G72: 0 | H72: 100
A73: 4030 | B73: =INDEX(TextData!B:B,MATCH(A73,TextData!A:A)) -> ヒーリング | C73: 8010 | D73: =INDEX(Define!Q:Q,MATCH(C73,Define!P:P)) -> 回復特性 | E73: 1 | F73: 0 | G73: 200 | H73: 100
A74: 4040 | B74: =INDEX(TextData!B:B,MATCH(A74,TextData!A:A)) -> ピアシングランス | C74: 1010 | D74: =INDEX(Define!Q:Q,MATCH(C74,Define!P:P)) -> Hpダメージ | E74: 100 | F74: 0 | G74: 0 | H74: 100
A75: 4040 | B75: =INDEX(TextData!B:B,MATCH(A75,TextData!A:A)) -> ピアシングランス | C75: 3010 | D75: =INDEX(Define!Q:Q,MATCH(C75,Define!P:P)) -> ステート付与 | E75: 2500 | F75: 2 | G75: 0 | H75: 100
A76: 4050 | B76: =INDEX(TextData!B:B,MATCH(A76,TextData!A:A)) -> べネディクション | C76: 2010 | D76: =INDEX(Define!Q:Q,MATCH(C76,Define!P:P)) -> Hp回復 | E76: 10 | F76: 0 | G76: 0 | H76: 100
A77: 4060 | B77: =INDEX(TextData!B:B,MATCH(A77,TextData!A:A)) -> ホーリーグレイス | C77: 3020 | D77: =INDEX(Define!Q:Q,MATCH(C77,Define!P:P)) -> ステート解除 | E77: 1 | F77: 0 | G77: 0 | H77: 100 | I77: 戦闘不能
A78: 4060 | B78: =INDEX(TextData!B:B,MATCH(A78,TextData!A:A)) -> ホーリーグレイス | C78: 2010 | D78: =INDEX(Define!Q:Q,MATCH(C78,Define!P:P)) -> Hp回復 | E78: 25 | F78: 0 | G78: 0 | H78: 100
A79: 4070 | B79: =INDEX(TextData!B:B,MATCH(A79,TextData!A:A)) -> キュアエール | C79: 2010 | D79: =INDEX(Define!Q:Q,MATCH(C79,Define!P:P)) -> Hp回復 | E79: 15 | F79: 0 | G79: 0 | H79: 100
A80: 4070 | B80: =INDEX(TextData!B:B,MATCH(A80,TextData!A:A)) -> キュアエール | C80: 3030 | D80: =INDEX(Define!Q:Q,MATCH(C80,Define!P:P)) -> Abnormalステート解除 | E80: 0 | F80: 0 | G80: 0 | H80: 100
A81: 4080 | B81: =INDEX(TextData!B:B,MATCH(A81,TextData!A:A)) -> ラインバリア | C81: 3010 | D81: =INDEX(Define!Q:Q,MATCH(C81,Define!P:P)) -> ステート付与 | E81: 1100 | F81: 1 | G81: 50 | H81: 100 | I81: ダメージカット
A82: 4110 | B82: =INDEX(TextData!B:B,MATCH(A82,TextData!A:A)) -> ダブルレーザー | C82: 1010 | D82: =INDEX(Define!Q:Q,MATCH(C82,Define!P:P)) -> Hpダメージ | E82: 100 | F82: 0 | G82: 0 | H82: 100
A83: 4110 | B83: =INDEX(TextData!B:B,MATCH(A83,TextData!A:A)) -> ダブルレーザー | C83: 8020 | D83: =INDEX(Define!Q:Q,MATCH(C83,Define!P:P)) -> アンデッド特攻 | E83: 1 | F83: 0 | G83: 200 | H83: 100
A84: 4120 | B84: =INDEX(TextData!B:B,MATCH(A84,TextData!A:A)) -> リザイアフォトン | C84: 1010 | D84: =INDEX(Define!Q:Q,MATCH(C84,Define!P:P)) -> Hpダメージ | E84: 100 | F84: 0 | G84: 0 | H84: 100
A85: 4120 | B85: =INDEX(TextData!B:B,MATCH(A85,TextData!A:A)) -> リザイアフォトン | C85: 2130 | D85: =INDEX(Define!Q:Q,MATCH(C85,Define!P:P)) -> 攻撃成功で味方全体に回復 | E85: 0 | F85: 0 | G85: 5 | H85: 100
A86: 4130 | B86: =INDEX(TextData!B:B,MATCH(A86,TextData!A:A)) -> チャクラ | C86: 2010 | D86: =INDEX(Define!Q:Q,MATCH(C86,Define!P:P)) -> Hp回復 | E86: 25 | F86: 0 | G86: 0 | H86: 100
A87: 5010 | B87: =INDEX(TextData!B:B,MATCH(A87,TextData!A:A)) -> ダークプリズン | C87: 1010 | D87: =INDEX(Define!Q:Q,MATCH(C87,Define!P:P)) -> Hpダメージ | E87: 100 | F87: 0 | G87: 0 | H87: 100
A88: 5020 | B88: =INDEX(TextData!B:B,MATCH(A88,TextData!A:A)) -> カウントジャグラー | C88: 1010 | D88: =INDEX(Define!Q:Q,MATCH(C88,Define!P:P)) -> Hpダメージ | E88: 100 | F88: 0 | G88: 0 | H88: 100
A89: 5020 | B89: =INDEX(TextData!B:B,MATCH(A89,TextData!A:A)) -> カウントジャグラー | C89: 4010 | D89: =INDEX(Define!Q:Q,MATCH(C89,Define!P:P)) -> Ctダメージ | E89: 1 | F89: 0 | G89: 0 | H89: 100
A90: 5020 | B90: =INDEX(TextData!B:B,MATCH(A90,TextData!A:A)) -> カウントジャグラー | C90: 7010 | D90: =INDEX(Define!Q:Q,MATCH(C90,Define!P:P)) -> 行動後スキル | E90: 5021 | F90: 0 | G90: 0 | H90: 100
A91: 5021 | B91: =INDEX(TextData!B:B,MATCH(A91,TextData!A:A)) -> カウントジャグラー | C91: 4020 | D91: =INDEX(Define!Q:Q,MATCH(C91,Define!P:P)) -> Ct回復 | E91: 1 | F91: 0 | G91: 0 | H91: 100
A92: 5030 | B92: =INDEX(TextData!B:B,MATCH(A92,TextData!A:A)) -> パッシブカース | C92: 4010 | D92: =INDEX(Define!Q:Q,MATCH(C92,Define!P:P)) -> Ctダメージ | E92: 1 | F92: 0 | G92: 0 | H92: 100
A93: 5030 | B93: =INDEX(TextData!B:B,MATCH(A93,TextData!A:A)) -> パッシブカース | C93: 5050 | D93: =INDEX(Define!Q:Q,MATCH(C93,Define!P:P)) -> APダメージ | E93: 100 | F93: 0 | G93: 0 | H93: 100
A94: 5040 | B94: =INDEX(TextData!B:B,MATCH(A94,TextData!A:A)) -> ディレイショット | C94: 1010 | D94: =INDEX(Define!Q:Q,MATCH(C94,Define!P:P)) -> Hpダメージ | E94: 100 | F94: 0 | G94: 0 | H94: 100
A95: 5040 | B95: =INDEX(TextData!B:B,MATCH(A95,TextData!A:A)) -> ディレイショット | C95: 3010 | D95: =INDEX(Define!Q:Q,MATCH(C95,Define!P:P)) -> ステート付与 | E95: 1061 | F95: 2 | G95: 20 | H95: 100 | I95: 速度ダウン
A96: 5050 | B96: =INDEX(TextData!B:B,MATCH(A96,TextData!A:A)) -> ディプラヴィティ | C96: 1010 | D96: =INDEX(Define!Q:Q,MATCH(C96,Define!P:P)) -> Hpダメージ | E96: 100 | F96: 0 | G96: 0 | H96: 100
A97: 5050 | B97: =INDEX(TextData!B:B,MATCH(A97,TextData!A:A)) -> ディプラヴィティ | C97: 4010 | D97: =INDEX(Define!Q:Q,MATCH(C97,Define!P:P)) -> Ctダメージ | E97: 2 | F97: 0 | G97: 0 | H97: 100
A98: 5060 | B98: =INDEX(TextData!B:B,MATCH(A98,TextData!A:A)) -> ダークネス | C98: 3010 | D98: =INDEX(Define!Q:Q,MATCH(C98,Define!P:P)) -> ステート付与 | E98: 1082 | F98: 5 | G98: 25 | H98: 100 | I98: 命中ダウン
A99: 5080 | B99: =INDEX(TextData!B:B,MATCH(A99,TextData!A:A)) -> ポイズンブロウ | C99: 1010 | D99: =INDEX(Define!Q:Q,MATCH(C99,Define!P:P)) -> Hpダメージ | E99: 100 | F99: 0 | G99: 0 | H99: 100
A100: 5080 | B100: =INDEX(TextData!B:B,MATCH(A100,TextData!A:A)) -> ポイズンブロウ | C100: 3010 | D100: =INDEX(Define!Q:Q,MATCH(C100,Define!P:P)) -> ステート付与 | E100: 2010 | F100: 2 | G100: 10 | H100: 100 | I100: 毒
...

Sheet Triggers
A1: SkillId | B1: _ | C1: TriggerType | D1: _ | E1: TriggerTiming | F1: Param1 | G1: Param2 | H1: Param3
A2: 1040 | B2: =INDEX(TextData!B:B,MATCH(A2,TextData!A:A)) -> フィニッシュスタブ | C2: 20140 | D2: =INDEX(Define!V:V,MATCH(C2,Define!U:U)) -> 自身の攻撃で敵を倒す | E2: 61 | F2: 0 | G2: 0 | H2: 0
A3: 2120 | B3: =INDEX(TextData!B:B,MATCH(A3,TextData!A:A)) -> インペイル | C3: 20140 | D3: =INDEX(Define!V:V,MATCH(C3,Define!U:U)) -> 自身の攻撃で敵を倒す | E3: 61 | F3: 0 | G3: 0 | H3: 0
A4: 3021 | B4: =INDEX(TextData!B:B,MATCH(A4,TextData!A:A)) -> シールドバッシュ | C4: 6010 | D4: =INDEX(Define!V:V,MATCH(C4,Define!U:U)) -> StateId状態になっている | E4: 61 | F4: 2030 | G4: 0 | H4: 0
A5: 4030 | B5: =INDEX(TextData!B:B,MATCH(A5,TextData!A:A)) -> ヒーリング | C5: 11011 | D5: =INDEX(Define!V:V,MATCH(C5,Define!U:U)) -> Period中使用回数が〇以下 | E5: 0 | F5: 10 | G5: 0 | H5: 0
A6: 4130 | B6: =INDEX(TextData!B:B,MATCH(A6,TextData!A:A)) -> チャクラ | C6: 11011 | D6: =INDEX(Define!V:V,MATCH(C6,Define!U:U)) -> Period中使用回数が〇以下 | E6: 0 | F6: 3 | G6: 0 | H6: 0
A7: 10010 | B7: =INDEX(TextData!B:B,MATCH(A7,TextData!A:A)) -> アンデッド | C7: 0 | D7: =INDEX(Define!V:V,MATCH(C7,Define!U:U)) -> なし | E7: 1 | F7: 0 | G7: 0 | H7: 0
A8: 10020 | B8: =INDEX(TextData!B:B,MATCH(A8,TextData!A:A)) -> エアリアル | C8: 14410 | D8: =INDEX(Define!V:V,MATCH(C8,Define!U:U)) -> Lvが〇以上 | E8: 1 | F8: 20 | G8: 0 | H8: 0
A9: 10030 | B9: =INDEX(TextData!B:B,MATCH(A9,TextData!A:A)) -> 悪魔 | C9: 0 | D9: =INDEX(Define!V:V,MATCH(C9,Define!U:U)) -> なし | E9: 1 | F9: 0 | G9: 0 | H9: 0
A10: 10040 | B10: =INDEX(TextData!B:B,MATCH(A10,TextData!A:A)) -> クリーチャー | C10: 14410 | D10: =INDEX(Define!V:V,MATCH(C10,Define!U:U)) -> Lvが〇以上 | E10: 1 | F10: 20 | G10: 0 | H10: 0
A11: 10050 | B11: =INDEX(TextData!B:B,MATCH(A11,TextData!A:A)) -> 野生の記憶 | C11: 14410 | D11: =INDEX(Define!V:V,MATCH(C11,Define!U:U)) -> Lvが〇以上 | E11: 1 | F11: 20 | G11: 0 | H11: 0
A12: 10060 | B12: =INDEX(TextData!B:B,MATCH(A12,TextData!A:A)) -> 変異生物 | C12: 14410 | D12: =INDEX(Define!V:V,MATCH(C12,Define!U:U)) -> Lvが〇以上 | E12: 1 | F12: 20 | G12: 0 | H12: 0
A13: 11010 | B13: =INDEX(TextData!B:B,MATCH(A13,TextData!A:A)) -> フレイムセイバー | C13: 10010 | D13: =INDEX(Define!V:V,MATCH(C13,Define!U:U)) -> 攻撃成功時〇%で | E13: 61 | F13: 100 | G13: 0 | H13: 0
... A214: 322040 | B214: =INDEX(TextData!B:B,MATCH(A214,TextData!A:A)) -> 詠唱技術Lv1 | C214: 0 | D214: =INDEX(Define!V:V,MATCH(C214,Define!U:U)) -> なし | E214: 1 | F214: 0 | G214: 0 | H214: 0

Sheet ScopeTriggers
A1: SkillId | B1: _ | C1: TriggerType | D1: _ | E1: TriggerTiming | F1: Param1 | G1: Param2 | H1: Param3
A2: 13102 | B2: =INDEX(TextData!B:B,MATCH(A2,TextData!A:A)) -> アイスセイバー | C2: 6030 | D2: =INDEX(Define!V:V,MATCH(C2,Define!U:U)) -> StateId状態になっている味方 | E2: 2 | F2: 2430 | G2: 0 | H2: 0
A3: 13950 | B3: =INDEX(TextData!B:B,MATCH(A3,TextData!A:A)) -> パッシブジャミング | C3: 18020 | D3: =INDEX(Define!V:V,MATCH(C3,Define!U:U)) -> 自分の敵である | E3: 0 | F3: 0 | G3: 0 | H3: 0
A4: 14060 | B4: =INDEX(TextData!B:B,MATCH(A4,TextData!A:A)) -> パッシブサプライ | C4: 18010 | D4: =INDEX(Define!V:V,MATCH(C4,Define!U:U)) -> 自分の味方である | E4: 0 | F4: 0 | G4: 0 | H4: 0
A5: 100610 | B5: =INDEX(TextData!B:B,MATCH(A5,TextData!A:A)) -> サンフレイム | C5: 7020 | D5: =INDEX(Define!V:V,MATCH(C5,Define!U:U)) -> 神化発動後 | E5: 0 | F5: 0 | G5: 0 | H5: 0
A6: 300210 | B6: =INDEX(TextData!B:B,MATCH(A6,TextData!A:A)) -> エーテルリチャージ | C6: 9030 | D6: =INDEX(Define!V:V,MATCH(C6,Define!U:U)) -> ターン数がparam1 x ターン数 + param2 | E6: 2 | F6: 3 | G6: 0 | H6: 1
A7: 300210 | B7: =INDEX(TextData!B:B,MATCH(A7,TextData!A:A)) -> エーテルリチャージ | C7: 16010 | D7: =INDEX(Define!V:V,MATCH(C7,Define!U:U)) -> 攻撃したのが自身 | E7: 2 | F7: 0 | G7: 0 | H7: 0
A8: 301010 | B8: =INDEX(TextData!B:B,MATCH(A8,TextData!A:A)) -> ディケイドリセット | C8: 9030 | D8: =INDEX(Define!V:V,MATCH(C8,Define!U:U)) -> ターン数がparam1 x ターン数 + param2 | E8: 2 | F8: 0 | G8: 10 | H8: 1
A9: 301010 | B9: =INDEX(TextData!B:B,MATCH(A9,TextData!A:A)) -> ディケイドリセット | C9: 16010 | D9: =INDEX(Define!V:V,MATCH(C9,Define!U:U)) -> 攻撃したのが自身 | E9: 2 | F9: 0 | G9: 0 | H9: 0
A10: 301020 | B10: =INDEX(TextData!B:B,MATCH(A10,TextData!A:A)) -> ウォーリアーブラッド | C10: 20140 | D10: =INDEX(Define!V:V,MATCH(C10,Define!U:U)) -> 自身の攻撃で敵を倒す | E10: 2 | F10: 0 | G10: 0 | H10: 0
A11: 301030 | B11: =INDEX(TextData!B:B,MATCH(A11,TextData!A:A)) -> トライアングルガード | C11: 9030 | D11: =INDEX(Define!V:V,MATCH(C11,Define!U:U)) -> ターン数がparam1 x ターン数 + param2 | E11: 2 | F11: 3 | G11: 0 | H11: 1
A12: 301030 | B12: =INDEX(TextData!B:B,MATCH(A12,TextData!A:A)) -> トライアングルガード | C12: 16010 | D12: =INDEX(Define!V:V,MATCH(C12,Define!U:U)) -> 攻撃したのが自身 | E12: 2 | F12: 0 | G12: 0 | H12: 0
A13: 301040 | B13: =INDEX(TextData!B:B,MATCH(A13,TextData!A:A)) -> セーフティバリア | C13: 9030 | D13: =INDEX(Define!V:V,MATCH(C13,Define!U:U)) -> ターン数がparam1 x ターン数 + param2 | E13: 2 | F13: 0 | G13: 2 | H13: 1
... A19: 320012 | B19: =INDEX(TextData!B:B,MATCH(A19,TextData!A:A)) -> 訓練所Lv3 | C19: 14520 | D19: =INDEX(Define!V:V,MATCH(C19,Define!U:U)) -> Lvが低い味方 | E19: 2 | F19: 3 | G19: 0 | H19: 0

Sheet TextData
A1: Id | B1: Text | C1: Help | F1: EnglishText | G1: EnglishHelp
A2: 0 | B2: - | C2: "" | F2: - | G2: ""
A3: 1 | B3: はずす | C3: "" | F3: Remove | G3: ""
A4: 11 | B4: 覚醒 | C4: 覚醒状態になる /s | F4: Awaken | G4: 覚醒状態になる /s
A5: 21 | B5: 覚醒解除 | C5: \sの覚醒を解除 | F5: Awakening Cancel | G5: \sの覚醒を解除
A6: 31 | B6: 拘束制御 | C6: \sにダメージ | F6: Bind Control | G6: \sにダメージ
A7: 32 | B7: 拘束ダメージ解除 | C7: "" | F7: Bind Damage Removal | G7: ""
A8: 33 | B8: 居合 | C8: \sにダメージ | F8: Ready Position | G8: \sにダメージ
A9: 1010 | B9: ファイアボール | C9: \sにATKx/f[f,0,1]%ダメージ | F9: Fireball | G9: Deal ATKx/f[f,0,1]% damage to \s.
A10: 1020 | B10: フレイムクラッシュ | C10: \sにATKx/f[f,0,1]%ダメージ /f[f,1,2]ターンDEF-/f[f,1,3]% | F10: Flame Crash | G10: Deal ATKx/f[f,0,1]% damage to \s for /f[f,1,2] turns. DEF reduced by /f[f,1,3]%.
A11: 1030 | B11: ブレイクウォール | C11: \sにATKx/f[f,0,1]%ダメージ 氷属性の場合DEFを100%無視する | F11: Break Wall | G11: Deal ATKx/f[f,0,1]% damage to \s. Ignore DEF completely if the target is Ice-type.
A12: 1040 | B12: フィニッシュスタブ | C12: \sにATKx/f[f,0,1]%ダメージ 対象を倒した場合/f[f,2,2]ターンATK+/f[f,2,3]% | F12: Finish Stub | G12: Deal ATKx/f[f,0,1]% damage to \s. ATK increases by /f[f,1,3]. if target is defeated.
A13: 1050 | B13: フレイムレイン | C13: \sにATKx/f[f,0,1]%の5連ダメージ | F13: Flame Rain | G13: Deal ATKx/f[f,0,1]% damage 5 times to \s.
... A48: 4040 | B48: ピアシングランス | C48: \sにATKx/f[f,0,1]%ダメージ \sにダメージ軽減効果無視を付与 | F48: Piercing Lance | G48: Deal ATKx/f[f,0,1]% damage to \s Ignore guard activation for /f[f,1,2] turns.
A49: 4050 | B49: べネディクション | C49: 自身以外のHpを/f[f,0,1]回復 | D49: アクトヒール | F49: Benediction | G49: Restore HP of all allies except self by /f[f,0,1].
A50: 4060 | B50: ホーリーグレイス | C50: \sを蘇生してHpを/f[f,0,1]回復 | F50: Holy Grace | G50: Resurrect \s and restore their HP by /f[f,0,1] points.
A51: 4070 | B51: キュアエール | C51: \sのHpを/f[f,0,1]回復 状態異常を回復 | F51: Cure Ale | G51: Restore \s's HP by /f[f,0,1]. Remove status ailments.
A52: 4080 | B52: ラインバリア | C52: 1回だけ\sが受けるダメージを/f[f,0,3]%カット | F52: Line Barrier | G52: Reduce damage taken by \s by /f[f,0,3]% for one hit.
A53: 4110 | B53: ダブルレーザー | C53: \sにATKx/f[f,0,1]%2連ダメージ | F53: Photon | G53: Deal ATKx/f[f,0,1]% damage to \s.
A54: 4120 | B54: リザイアフォトン | C54: \sにATKx/f[f,0,1]%ダメージ 味方全員に攻撃成功回数x/f[f,1,3]のHp回復 | F54: Resia Photon | G54: Deal ATKx/f[f,0,1]% damage to \s. Restore HP of all allies by attack success count x /f[f,1,3].
A55: 4130 | B55: チャクラ | C55: (制限)出撃中3回まで 自身以外の\sのHpを/f[f,0,1]回復 | F55: Chakra | G55: (Limit: 3 uses per sortie) Restore HP of other ally units by /f[f,0,1] points.
A56: 5010 | B56: ダークプリズン | C56: \sにATKx/f[f,0,1]%ダメージ | F56: Dark Prison | G56: Deal ATKx/f[f,0,1]% damage to \s.
A57: 5020 | B57: カウントジャグラー | C57: \sにATKx/f[f,0,1]%ダメージ CT+/f[f,1,1] 自身のCT-/f[f,1,1] | F57: Count Juggler | G57: Deal ATKx/f[f,0,1]% damage to \s. Increase CT by /f[f,1,1] for the target and decrease CT by /f[f,1,1] for self.
A58: 5030 | B58: パッシブカース | C58: \sのCT+/f[f,1,1]し行動が少し遅くなる | F58: Passive Curse | G58: Increase \s's CT by /f[f,1,1]. making their actions slightly slower.
A59: 5040 | B59: ディレイショット | C59: \sにATKx/f[f,0,1]%ダメージ \sのSPDを/f[f,1,2]ターン/f[f,1,3]%ダウン | F59: Delay Shot | G59: Deal ATKx/f[f,0,1]% damage to \s. Decrease \s`s SPD by /f[f,0,3]% for /f[f,0,2] turns.
A60: 5050 | B60: ディプラヴィティ | C60: \sにATKx/f[f,0,1]%ダメージ CT+/f[f,1,1] | D60: ランペイジ,パッシブブレイク | F60: Diplaviti | G60: Deal ATKx/f[f,0,1]% damage to \s. CT+/f[f,1,1]
A61: 5060 | B61: ダークネス | C61: \sに/f[f,0,2]ターン命中率/f[f,0,3]%ダウンを付与 | F61: Darkness | G61: Reduce \s's accuracy by /f[f,0,3]% for /f[f,0,2] turns.
A62: 5080 | B62: ポイズンブロウ | C62: \sにATKx/f[f,0,1]%ダメージ /f[f,1,2]ターン/f[f,1,3]ダメージの毒付与 /s | F62: Poison Breath | G62: Deal ATKx/f[f,0,1]% damage to \s. Apply poison that deals /f[f,1,3] damage over /f[f,1,2] turns. /s
A63: 5110 | B63: ドレインヒール | C63: \sにATKx/f[f,0,1]%ダメージ ダメージの/f[f,0,3]%分Hp回復 | F63: Drain Heal | G63: Deal ATKx/f[f,0,1]% damage to \s. Restore HP by /f[f,0,3]% of the damage dealt.
A64: 5120 | B64: ユーサネイジア | C64: \sにATKx/f[f,0,1]%ダメージ | F64: Ouse Negaisa | G64: Deal ATKx/f[f,0,1]% damage to \s.
A65: 5130 | B65: シェイディークラウド | C65: \sのATKを/f[f,0,3]%ダウン | F65: Shady Cloud | G65: Reduce \s's ATK by /f[f,0,3]%.
A66: 5940 | B66: アビサルデスペア | C66: \sにATKx/f[f,0,1]%ダメージ /f[f,1,2]ターンの不治付与 /s | F66: Abyssal Despair | G66: Deal ATKx/f[f,0,1]% damage to \s. Apply /f[f,1,2] turns of incurable status. /s
A67: 6010 | B67: 待機 | C67: 何もしない | F67: Waiting | G67: Do nothing.
A68: 6020 | B68: 交代 | C68: 仲間と交代する | F68: Shift | G68: Swap positions with an ally unit.
A69: 10010 | B69: アンデッド | C69: (条件)Lv20以上 アンデッド状態になる 行動後自身のHpを/f[f,0,3]%回復する | F69: Undead | G69: (Condition: Level 20 or higher) Become Undead. Restore self's HP by /f[f,0,3]% after action.
A70: 10020 | B70: エアリアル | C70: (条件)Lv10以上 攻撃範囲が延長する /s | F70: Aerial | G70: (Condition: Level 10 or higher) Extend attack range. /s
A71: 10030 | B71: 悪魔 | C71: (条件)Lv10以上 最大AP+/f[f,0,3] | F71: Devil | G71: (Condition: Level 10 or higher) Increase maximum AP by /f[f,0,3].
A72: 10040 | B72: クリーチャー | C72: (条件)Lv10以上 最大Hpが/f[f,0,3]アップ | F72: Creature | G72: (Condition: Level 10 or higher) Max HP increases by /f[f,0,3].
... A94: 11930 | B94: アサルトシフト | C94: (条件)バトル開始時 \sのDEFが/f[f,0,3]ダウンしATKが/f[f,0,3]アップ | F94: Assault Shift | G94: (Condition: At the start of battle) Decrease \s's DEF by /f[f,0,3] and increase ATK by /f[f,0,3].
A95: 11940 | B95: アクティブギフト | C95: (条件)他の味方が攻撃する際に発動 \sのCT-/f[f,0,1] | D95: アクティブギフト | F95: Active Gift | G95: (Condition: When another ally attacks) Decrease \s's CT by /f[f,0,1].
A96: 11950 | B96: イグナイテッド | C96: (条件)覚醒状態になった時 (制限)バトル中1回まで \sのCT-/f[f,0,1] | F96: Ignited | G96: (Condition: When awoken) (Limit: Once per battle) Decrease \s's CT by /f[f,0,1].
A97: 12010 | B97: クロースエッジ | C97: (条件)味方がRange.Lの攻撃を受ける直前 ダメージを100%カットし 味方の代わりにダメージを受ける | F97: Close Edge | G97: (Condition: Just before an ally receives a Range.L attack) Block 100% of the damage and take it instead.
A98: 12020 | B98: ファストファクション | C98: (条件)バトル開始時 \sの初動がわずかに早くなる | F98: Fast Fuction | G98: (Condition: At the start of battle) Allow \s to take a preemptive action.
A99: 12030 | B99: クイックムーブ | C99: (条件)バトル開始時 \sの初動が少し早くなる | F99: Quick Move | G99: (Condition: At the start of battle) Make \s's initial actions faster.
A100: 12040 | B100: ヘブンリーラック | C100: \sの回避率が/f[f,0,3]%アップ | F100: Heavenly Luck | G100: Increase \s's evasion rate by /f[f,0,3]%.
A101: 12050 | B101: キュアスタン | C101: (条件)味方にスタンが付与された際に発動 \sのスタンを回復しHPを10%回復する | F101: Cure Stun | G101: Increase \s's evasion rate by /f[f,0,3]%.
A102: 12090 | B102: アウトオブオーダー | C102: (条件)バトル開始時 自身と同列の味方の待機時間を/f[f,0,1]減少する | F102: Out of Order | G102: (Condition: At the start of battle) Decrease wait time for allies in the same row as self by /f[f,0,1].
A103: 12100 | B103: ワンスパニッシュ | C103: (条件)自身が攻撃を受ける直前 (制限)バトル中1回まで 1回だけ全ての攻撃を無効化する | F103: Once Spanish | G103: (Condition: Just before receiving an attack) (Limit: Once per battle) Block all incoming attacks once.
A104: 12110 | B104: コンセントレイト | C104: (条件)自身が行動する前に発動 次に行動するまで\sの命中と回避を/f[f,0,3]%アップ | F104: Concentrate | G104: (Condition: Before taking an action) Increase \s's accuracy and evasion by /f[f,0,3]% until next action.
A105: 12120 | B105: パリィ | C105: (条件)自身が攻撃を受ける直前 1回だけ全ての攻撃を無効化する | F105: Parry | G105: (Condition: Just before receiving an attack) Block all incoming attacks once.
A106: 12130 | B106: チェイスマジック | C106: (条件)他の味方が攻撃した際に発動 \sにATKx/f[f,0,1]%ダメージ | F106: Chase Magic | G106: (Condition: When another ally attacks) Deal ATKx/f[f,0,1]% damage to \s.
A107: 12140 | B107: ウィンドライズ | C107: (条件)攻撃を回避した時 ATKx/f[f,0,1]%ダメージの反撃する | F107: Wind Rise | G107: (Condition: When an attack is avoided) Counterattack with ATKx/f[f,0,1]% damage.
... A137: 14070 | B137: ホーミングクルセイド | C137: (制限)バトル中/f[f,0,2]回まで 命中判定を無視して効果を発揮する /s | F137: Homing Crusade | G137: (Limit: Up to /f[f,0,2] times per battle) Ignore hit chance and activate effect. /s
A138: 14090 | B138: リレイズ | C138: (条件)バトル開始時 /f[f,0,3]回復のリジェネ付与(永続) | D138: タフネス | F138: Relayze | G138: (Condition: At the start of battle) Grant /f[f,0,3] healing regeneration effect permanently. /s
A139: 14100 | B139: ファストヒール | C139: (条件)バトル開始時 \sのHpを/f[f,0,1]回復 | F139: Fast Heal | G139: (Condition: At the start of battle) Restore \s's HP by /f[f,0,1].
A140: 14110 | B140: リフレッシュ | C140: (条件)味方にデバフを付与された際に発動 \sのデバフを全て解除する | F140: Self Care | G140: (Condition: When an ally is afflicted with a debuff) Remove all debuffs from \s.
A141: 14120 | B141: ファストメディック | C141: (条件)バトル開始時 /f[f,0,2]ターン/f[f,0,3]回復のリジェネ付与 | F141: ReHeal | G141: (Condition: At the start of battle) Grant /f[f,0,2] turns of /f[f,0,3] healing regeneration.
A142: 14130 | B142: ディバインシールド | C142: (制限)バトル中/f[f,0,2]回まで 状態異常を回避する /s | F142: Divine Shield | G142: (Limit: Up to /f[f,0,2] times per battle) Avoid status ailments. /s
A143: 14140 | B143: ライフディバイド | C143: (条件)味方が攻撃を受けた際に発動 (制限)自身のHpの25%分まで \sにHpを分け与える | F143: Life Divide | G143: (Condition: When an ally is attacked) (Limit: Up to 25% of own HP) Share HP with \s.
A144: 14930 | B144: エイミングスコープ | C144: \sの命中率が/f[f,0,3]%アップ 最大5回まで重ね掛け可能 | F144: Aiming Scope | G144: Increase \s's accuracy by /f[f,0,3]%, up to a maximum of 5 times.
A145: 14940 | B145: リジェネレーション | C145: 行動後自身のHpを/f[f,0,3]回復する | F145: Regeneration | G145: Restore own HP by /f[f,0,3] after taking an action.
A146: 15010 | B146: ワンスパニッシュ | C146: (条件)自身が攻撃を受ける直前 (制限)バトル中1回まで 1回だけ全ての攻撃を無効化する | F146: Once Spanish | G146: (Condition: Just before receiving an attack) (Limit: Once per battle) Block all incoming attacks once.
A147: 15020 | B147: クイックカース | C147: (条件)相手が攻撃する前に発動 \sのATKを/f[f,0,3]%ダウン | F147: Quick Curse | G147: (Condition: Just before the opponent attacks) Decrease \s's ATK by /f[f,0,3]%.
A148: 15030 | B148: バイタリティ | C148: (条件)自身が行動する前に発動 自身がHP100%の場合ダメージ効果+50% | F148: Vitality | G148: (Condition: Before taking an action) Increase damage effectiveness by 50% if HP is at 100%.
A149: 15040 | B149: ネガティブドレイン | C149: (条件)Hpが50%以下 ダメージの/f[f,0,3]%分Hp回復 | F149: Negative Drain | G149: (Condition: When HP is below 50%) Restore HP by /f[f,0,3]% of damage taken.
A150: 15050 | B150: キュアシェイド | C150: (条件)味方に暗闇が付与された際に発動 \sの暗闇を回復しHPを10%回復する | F150: Cure Shade | G150: (Condition: When HP is below 50%) Restore HP by /f[f,0,3]% of damage taken.
A151: 15060 | B151: アンデッドペイン | C151: アンデッド状態になる 行動後自身のHpを/f[f,0,3]%回復する | F151: Undead Pain | G151: Become Undead. Restore own HP by /f[f,0,3]% after action.
A152: 15070 | B152: ジャックポッド | C152: (条件)他の味方が攻撃する直前に発動 \sの命中率を半減し会心率が/f[f,0,3]%アップ | D152: チャンス | F152: Jackpot | G152: (Condition: Just before another ally attacks) Halve \s's accuracy and increase critical hit rate by /f[f,0,3]% for the target.
A153: 15080 | B153: ヒールハント | C153: (条件)敵が回復魔法を使用した際に発動 \sでDEF/f[f,0,3]%無視のATKx/f[f,0,1]%ダメージ | F153: Heal Hunt | G153: (Condition: When an enemy uses a healing spell) Deal ATKx/f[f,0,1]% damage that ignores DEF /f[f,0,3]% to \s.
A154: 15110 | B154: フォーカサイト | C154: (条件)他の味方が攻撃する直前に発動 \sの攻撃を必中にする | F154: Focus Sight | G154: (Condition: Just before another ally attacks) Make \s's attack guaranteed to hit.
A155: 15120 | B155: ガードハント | C155: (条件)敵のかばうが発動した後 \sにATKx/f[f,0,1]%ダメージ DEFを30%無視する | F155: Guard Hunt | G155: (Condition: After an enemy guards successfully) Deal ATKx/f[f,0,1]% damage to \s. Ignore 30% of DEF.
A156: 15130 | B156: リヴェンジャー | C156: (条件)自身が攻撃を受けた際に発動 \sのATKとDEFが/f[f,0,2]ターン/f[f,0,3]アップ | F156: Revenger | G156: (Condition: When self is attacked) Increase \s's ATK and DEF by /f[f,0,3] for /f[f,0,2] turns.
A157: 15140 | B157: ソーサリーコネクト | C157: (条件)他の味方が攻撃する直前に発動 2ターンの間 \sのATKを/f[f,0,3]アップし自身のATKを/f[f,0,3]ダウン | F157: Sorcery Connect | G157: (Condition: Just before another ally attacks) For 2 turns, increase \s's ATK by /f[f,0,3] and decrease own ATK by /f[f,0,3].
A158: 15510 | B158: リープリアクト | C158: (条件)会心攻撃をした後 再行動できる \sの会心率が/f[f,1,2]ターン/f[f,1,3]%ダウン | F158: Leap React | G158: (Condition: After a critical hit attack) Can re-act after use. Decrease \s's critical hit rate by /f[f,1,3]% for /f[f,1,2] turns.
A159: 15512 | B159: リープリアクト | C159: (条件)会心攻撃をした後 再行動できる \sの会心率が/f[f,1,2]ターン/f[f,1,3]%ダウン | F159: Leap React | G159: (Condition: After a critical hit attack) Can re-act after use. Decrease \s's critical hit rate by /f[f,1,3]% for /f[f,1,2] turns.
A160: 15520 | B160: ディレイドパッシブ | C160: (条件)自身の攻撃成功時 PassiveタイプのCT+1 | F160: Delayed Passive | G160: (Condition: On successful attack by self) Increase CT of Passive-type skills by 1.
A161: 15530 | B161: シャドウケイプ | C161: (条件)バトル開始時 \sに/f[f,0,2]回有効の攻撃無効を付与 /s | F161: Shadow Cape | G161: (Condition: At the start of battle) Grant attack immunity to \s for /f[f,0,2] hits. /s
A162: 15910 | B162: イーグルアイ | C162: (条件)バトル開始時 \sの会心率が/f[f,0,3]%アップ | F162: Eagle Eye | G162: (Condition: At the start of battle) Increase \s's critical hit rate by /f[f,0,3]%.
A163: 15920 | B163: ネヴァーエンド | C163: (条件)Hpが25%以下 \sの会心率が/f[f,0,3]%アップ | F163: Never End | G163: (Condition: When HP is below 25%) Increase \s's critical hit rate by /f[f,0,3]%.
A164: 15930 | B164: グレイブアクト | C164: (条件)味方が攻撃で戦闘不能になった際に発動 \sのCT-/f[f,0,1] | F164: Grave Act | G164: (Condition: When an ally is defeated by an attack) Decrease \s's CT by /f[f,0,1].
... A404: 507020 | B404: ATK⇔DEF交換 | C404: \sのATKとDEF値を交換する 同系統複数装備不可 | F404: Swap ATK and DEF | G404: Swap \s's ATK and DEF values Cannot equip multiple items of the same type

Sheet Define
A1: AnimationType | D1: Attribute | G1: SkillType | J1: TargetType | M1: Scope | P1: Feature | S1: State | U1: Trigger | W1: MagicType | Y1: TriggerTiming
A2: 0 | B2: なし | D2: 0 | E2: なし | G2: 0 | H2: なし | J2: 0 | K2: なし | M2: 0 | N2: なし | P2: 0 | Q2: ない | U2: 0 | V2: なし | W2: 0 | X2: なし | Y2: -1 | Z2: なし | AB2: 301 | AC2: Numinous加算
A3: 1 | B3: 単体 | D3: 1 | E3: 炎 | G3: 1 | H3: 魔法 | J3: 1 | K3: 相手 | M3: 1 | N3: 単体 | P3: 1010 | Q3: Hpダメージ | U3: 1010 | V3: 自身のHpが〇%以下 | W3: 1 | X3: 元素 | Y3: 1 | Z3: バトル開始時 | AB3: 302 | AC3: Numinouse消費率
A4: 2 | B4: 列 | D4: 2 | E4: 雷 | G4: 2 | H4: パッシブ | J4: 2 | K4: 味方 | M4: 2 | N4: 列 | P4: 1020 | Q4: Hp吸収ダメージ | U4: 1020 | V4: 自身のHpが〇%以上 | W4: 2 | X4: 光 | Y4: 11 | Z4: Hpが減る | AB4: 303 | AC4: 敵Lv
A5: 3 | B5: 全体 | D5: 3 | E5: 氷 | G5: 3 | H5: 神化 | J5: 3 | K5: 全員 | M5: 3 | N5: 全体 | P5: 1030 | Q5: Hp固定ダメージ | U5: 1030 | V5: Hp%〇以下の味方 | W5: 3 | X5: 理術 | Y5: 21 | Z5: 自身の行動前 | AB5: 304 | AC5: SP加算
D6: 4 | E6: 光 | G6: 4 | H6: 覚醒 | J6: 4 | K6: 自身 | M6: 4 | N6: 自身 | P6: 1040 | Q6: 特定ステートダメージ | U6: 1040 | V6: Hp%〇以上の味方 | W6: 4 | X6: 精神 | Y6: 22 | Z6: 相手の行動前・対象決定前 | AB6: 305 | AC6: 隷従属度
D7: 5 | E7: 闇 | G7: 5 | H7: レリック | J7: 6 | K7: 反撃 | M7: 5 | N7: 最前列のみ | P7: 1050 | Q7: 効果無視Hpダメージ | U7: 1050 | V7: Hp%〇以下の敵 | W7: 5 | X7: 超次元 | Y7: 23 | Z7: 味方の行動前 | AB7: 306 | AC7: アルカナ変更
D8: 6 | E8: 無 | G8: 6 | H8: 強化 | J8: 7 | K8: 追撃 | M8: 6 | N8: 前後貫通 | P8: 1060 | Q8: Hp割合固定ダメージ | U8: 1060 | V8: Hp%〇以上の敵 | W8: 6 | X8: 自己強化 | Y8: 31 | Z8: 割り込み(直前) | AB8: 307 | AC8: ステータスコスト減算
G9: 7 | H9: 装備 | J9: 11 | K9: Triggerの条件を満たす | M9: 11 | N9: 単体・自身を除く | P9: 1070 | Q9: Hpダメージ割合追加ダメージ | U9: 1130 | V9: 最もHpが少ない味方 | W9: 7 | X9: 工作 | Y9: 41 | Z9: かばう専用。割り込みの最優先 | AB9: 308 | AC9: 敵前衛消滅
G10: 8 | H10: カインド | J10: 101 | K10: パーティ | M10: 12 | N10: 列・自身を除く | P10: 1080 | Q10: Hp犠牲ダメージ | U10: 1140 | V10: 最もHpが多い味方 | W10: 10 | X10: 半神 | Y10: 42 | Z10: 相手の行動前・対象決定後 | AB10: 309 | AC10: 撃破SPアップ
G11: 9 | H11: 装備パッシブ | M11: 13 | N11: 全体・自身を除く | P11: 1090 | Q11: 受けたダメージ総計ダメージ | U11: 1150 | V11: 最もHpが少ない敵 | W11: 11 | X11: 覚醒 | Y11: 51 | Z11: 使ったとき | AB11: 310 | AC11: 属性適性増加
G12: 11 | H12: アルカナ使用 | M12: 21 | N12: ランダム | P12: 1100 | Q12: Hp貫通ダメージ、Param2でKind指定可 | U12: 1160 | V12: 最もHpが多い敵 | W12: 99 | X12: その他 | Y12: 61 | Z12: 使った後 | AB12: 311 | AC12: 命令不可
G13: 12 | H13: 転生 | M13: 31 | N13: 単体と両隣 | P13: 1110 | Q13: 残りHp比例ダメージ | U13: 2010 | V13: 味方にHpが〇%以下がいる | Y13: 101 | Z13: バトル終了時 | AB13: 401 | AC13: コマンドLvアップ
M14: 32 | N14: 自分を除いた両隣 | P14: 1120 | Q14: 会心率ありHpダメージ | U14: 3010 | V14: 自身のMpが〇以下 | AB14: 402 | AC14: ステータスアップ
M15: 41 | N15: 交代専用 | P15: 1130 | Q15: Hpダメージ。残りHpParam2以下%でダメージ+Param3 | U15: 3020 | V15: 自身のMpが〇以上 | AB15: 403 | AC15: 魔法入手
P16: 2010 | Q16: Hp回復 | U16: 3030 | V16: Mp〇未満の味方 | AB16: 404 | AC16: 最大HpとMpアップ
P17: 2011 | Q17: 攻撃対象の最大Hpに比例して回復 | U17: 3040 | V17: Mp〇以上の味方 | AB17: 501 | AC17: ターン数アップ
P18: 2020 | Q18: 自身のHpを1にする | U18: 3050 | V18: Mp〇未満の敵 | AB18: 502 | AC18: Lvアップ
P19: 2030 | Q19: 対象のHpを1にする | U19: 3060 | V19: Mp〇以上の敵 | AB19: 503 | AC19: 習得コスト0
P20: 2040 | Q20: Hpを分け与える | U20: 4010 | V20: 戦闘不能が〇以上存在する | AB20: 504 | AC20: ロスト回避
P21: 2110 | Q21: 与ダメージを味方全体に回復 | U21: 4020 | V21: 生存者が〇以上存在する | AB21: 505 | AC21: 素子補充確定ボーナス
P22: 2120 | Q22: 与ダメージを味方全体にMp回復 | U22: 5010 | V22: 自分が前列にいる | AB22: 506 | AC22: コマンドコスト0
P23: 2130 | Q23: 攻撃成功で味方全体に回復 | U23: 5020 | V23: 自分が後列にいる | AB23: 507 | AC23: 属性適正値アップ
P24: 3010 | Q24: ステート付与 | U24: 5030 | V24: 前列の味方を狙う | AB24: 508 | AC24: コマンドLvアップ
P25: 3020 | Q25: ステート解除 | U25: 5040 | V25: 後列の味方を狙う | AB25: 509 | AC25: 魔法入手
P26: 3030 | Q26: Abnormalステート解除 | U26: 5050 | V26: 前列の敵を狙う
P27: 3040 | Q27: 次の行動まで有効なステート付与 | U27: 5060 | V27: 後列の敵を狙う
P28: 3050 | Q28: バフステート解除 | U28: 5070 | V28: 人数が多い列の味方
P29: 3060 | Q29: デバフステート解除 | U29: 5080 | V29: 人数が多い列の敵
P30: 3070 | Q30: ステートの効果を変更 | U30: 5090 | V30: 人数が少ない列の味方
P31: 4010 | Q31: Ctダメージ | U31: 5100 | V31: 人数が少ない列の敵
P32: 4011 | Q32: CTダメージPassiveのみ | U32: 5110 | V32: 〇人以上いる列の味方
P33: 4020 | Q33: Ct回復 | U33: 5120 | V33: 〇人以上いる列の敵
P34: 4030 | Q34: Ct吸収ダメージ | U34: 5130 | V34: 〇番目の味方
P35: 4040 | Q35: 指定魔法のCｔ回復 | U35: 5140 | V35: 〇番目の敵
P36: 4041 | Q36: 1番Ctの高い魔法のCt回復 | U36: 5150 | V36: 後衛がいる
P37: 5010 | Q37: 行動後Ap設定 | U37: 6010 | V37: StateId状態になっている
... P77: 40090 | Q77: 装備スロット増加 | U77: 9120 | V77: 自身を対象にしない
U78: 10010 | V78: 攻撃成功時〇%で
U79: 10020 | V79: 〇%で
U80: 10030 | V80: 会心攻撃成功時
U81: 10110 | V81: 攻撃成功時相手が凍結ではない
U82: 10120 | V82: 攻撃成功時相手が火傷ではない
U83: 10130 | V83: 攻撃成功時相手が挑発ではない
U84: 11010 | V84: バトル中使用回数が〇以下
U85: 11011 | V85: Period中使用回数が〇以下
U86: 11020 | V86: ターン中使用回数が〇回に満たない
U87: 12010 | V87: かばうが成立する
U88: 12011 | V88: かばう成立後かばった対象
U89: 12030 | V89: 行動Magicの消費Mpが〇
... U151: 40030 | V151: ダンジョン開始時
